NODE_39_length_5028_cov_9.341271_g23_i0,Chain U, chr17.trna16-GlnTTG,87.500,72,9,0,302,373,72,1,5.47e-11,84.2
NODE_39_length_5028_cov_9.341271_g23_i0,Chain U, chr17.trna16-GlnTTG,86.111,72,10,0,2972,3043,72,1,2.54e-09,78.7
NODE_39_length_5028_cov_9.341271_g23_i0,Chain U, chr17.trna16-GlnTTG,84.722,72,11,0,1066,1137,72,1,1.18e-07,73.1
NODE_169_length_3455_cov_6.681845_g23_i1,Chain U, chr17.trna16-GlnTTG,87.500,72,9,0,302,373,72,1,3.74e-11,84.2
NODE_169_length_3455_cov_6.681845_g23_i1,Chain U, chr17.trna16-GlnTTG,86.111,72,10,0,2972,3043,72,1,1.74e-09,78.7
NODE_169_length_3455_cov_6.681845_g23_i1,Chain U, chr17.trna16-GlnTTG,84.722,72,11,0,1066,1137,72,1,8.10e-08,73.1
NODE_1163_length_1721_cov_29.760316_g740_i0,Rose partitivirus isolate PB segment dsRNA2, complete sequence,98.547,1721,25,0,1,1721,1775,55,0.0,3040
NODE_1163_length_1721_cov_29.760316_g740_i0,Rose partitivirus segment RNA2, complete sequence,98.547,1721,25,0,1,1721,1775,55,0.0,3040
NODE_1163_length_1721_cov_29.760316_g740_i0,Pear alphapartitivirus gene for capsid protein, complete cds, segment: dsRNA2,71.834,1516,344,68,27,1500,1751,277,9.85e-94,357
NODE_1769_length_1418_cov_435.257993_g1142_i0,Bovine viral diarrhea virus type 2 strain BVDV2-Ms St T4529c polyprotein gene, partial cds,80.412,582,101,11,459,1033,933,1508,4.69e-116,431
NODE_1769_length_1418_cov_435.257993_g1142_i0,Bovine viral diarrhea virus type 2 strain BVDV2-Ms St T4529c polyprotein gene, partial cds,81.579,228,40,2,132,358,1291,1517,1.12e-42,187
NODE_1769_length_1418_cov_435.257993_g1142_i0,Bovine viral diarrhea virus 1 isolate VE_138cp_05 genome assembly, complete genome: monopartite,84.135,416,62,3,164,577,5140,5553,1.32e-106,399
NODE_1769_length_1418_cov_435.257993_g1142_i0,Bovine viral diarrhea virus 1 isolate VE_138cp_05 genome assembly, complete genome: monopartite,81.948,421,68,6,389,805,5137,5553,1.35e-91,350
NODE_1769_length_1418_cov_435.257993_g1142_i0,Bovine viral diarrhea virus CP1 putative helcase/protease mRNA, partial cds,84.958,359,50,3,221,577,2829,3185,6.24e-95,361
NODE_1769_length_1418_cov_435.257993_g1142_i0,Bovine viral diarrhea virus CP1 putative helcase/protease mRNA, partial cds,82.730,359,58,3,449,805,2829,3185,1.37e-81,316
NODE_1769_length_1418_cov_435.257993_g1142_i0,Bovine viral diarrhea virus CP1 putative helcase/protease mRNA, partial cds,85.463,227,33,0,132,358,2968,3194,1.10e-57,237
NODE_1769_length_1418_cov_435.257993_g1142_i0,Bovine viral diarrhea virus 1 isolate CA2006, complete genome,84.249,273,39,3,307,577,8330,8600,1.81e-65,263
NODE_1769_length_1418_cov_435.257993_g1142_i0,Bovine viral diarrhea virus 1 isolate CA2006, complete genome,85.022,227,34,0,132,358,8383,8609,5.11e-56,231
NODE_1769_length_1418_cov_435.257993_g1142_i0,Bovine viral diarrhea virus cpA2 RNA,83.394,277,42,3,313,587,527,801,1.09e-62,254
NODE_1769_length_1418_cov_435.257993_g1142_i0,Bovine viral diarrhea virus cpA2 RNA,85.526,228,33,0,132,359,574,801,3.05e-58,239
NODE_1953_length_1351_cov_81.942097_g1274_i0,Rose cryptic virus 1 isolate LS13S9 segment RNA2 putative coat protein gene, complete cds,100.000,1351,0,0,1,1351,21,1371,0.0,2495
NODE_1953_length_1351_cov_81.942097_g1274_i0,Rose cryptic virus 1 segment dsRNA2 hypothetical protein gene, complete cds,100.000,1351,0,0,1,1351,16,1366,0.0,2495
NODE_1953_length_1351_cov_81.942097_g1274_i0,Rose cryptic virus 1 RNA 2, complete sequence,99.852,1351,2,0,1,1351,16,1366,0.0,2484
NODE_1953_length_1351_cov_81.942097_g1274_i0,Rosa multiflora cryptic virus segment dsRNA3, complete sequence,100.000,1345,0,0,1,1345,15,1359,0.0,2484
NODE_1953_length_1351_cov_81.942097_g1274_i0,Rose cryptic virus 1 isolate ShB-1 segment dsRNA2, complete sequence,99.852,1351,2,0,1,1351,16,1366,0.0,2484
NODE_2018_length_1336_cov_133.779097_g1312_i0,Rosa multiflora cryptic virus segment dsRNA2, complete sequence,100.000,1282,0,0,53,1334,168,1449,0.0,2368
NODE_2018_length_1336_cov_133.779097_g1312_i0,Rosa multiflora cryptic virus segment dsRNA2, complete sequence,98.276,58,0,1,2,58,14,71,1.41e-16,100
NODE_2018_length_1336_cov_133.779097_g1312_i0,Rose cryptic virus 1 isolate LS13S9 segment RNA3 hypothetical protein gene, complete cds,100.000,1280,0,0,53,1332,136,1415,0.0,2364
NODE_2018_length_1336_cov_133.779097_g1312_i0,Rose cryptic virus 1 isolate LS13S9 segment RNA3 hypothetical protein gene, complete cds,100.000,39,0,0,20,58,1,39,3.08e-08,73.1
NODE_2018_length_1336_cov_133.779097_g1312_i0,Rose cryptic virus 1 segment dsRNA3 hypothetical protein gene, complete cds,99.922,1280,1,0,53,1332,168,1447,0.0,2359
NODE_2018_length_1336_cov_133.779097_g1312_i0,Rose cryptic virus 1 segment dsRNA3 hypothetical protein gene, complete cds,100.000,57,0,0,2,58,15,71,3.04e-18,106
NODE_2018_length_1336_cov_133.779097_g1312_i0,Rose cryptic virus 1 RNA 3, complete sequence,99.844,1279,2,0,53,1331,168,1446,0.0,2351
NODE_2018_length_1336_cov_133.779097_g1312_i0,Rose cryptic virus 1 RNA 3, complete sequence,100.000,57,0,0,2,58,15,71,3.04e-18,106
NODE_2018_length_1336_cov_133.779097_g1312_i0,Rose cryptic virus 1 isolate ShB-1 segment dsRNA3, complete sequence,99.844,1279,2,0,53,1331,168,1446,0.0,2351
NODE_2018_length_1336_cov_133.779097_g1312_i0,Rose cryptic virus 1 isolate ShB-1 segment dsRNA3, complete sequence,100.000,57,0,0,2,58,15,71,3.04e-18,106
NODE_2415_length_1219_cov_31.781850_g1612_i0,Marseillevirus marseillevirus strain T19, complete genome,86.139,101,14,0,951,1051,199418,199518,2.14e-19,110
NODE_2415_length_1219_cov_31.781850_g1612_i0,Marseillevirus marseillevirus strain T19, complete genome,86.139,101,14,0,951,1051,199418,199518,2.14e-19,110
NODE_2415_length_1219_cov_31.781850_g1612_i0,Marseillevirus sp. strain Vienna, complete genome,78.107,169,31,6,954,1119,170820,170985,3.58e-17,102
NODE_2641_length_1165_cov_4.406593_g1784_i0,MAG: Qianjiang picobirna-like virus 2 isolate QJ3MS693 genomic sequence,91.613,1097,80,9,1,1093,252,1340,0.0,1506
NODE_2641_length_1165_cov_4.406593_g1784_i0,Dickeya phage phiDP10.3 clone pD10.contig.26_1 genomic sequence,85.612,1112,135,15,1,1094,4938,3834,0.0,1144
NODE_2641_length_1165_cov_4.406593_g1784_i0,Paenibacillus phage Pd_22F, complete genome,78.862,1107,193,26,1,1089,82419,83502,0.0,710
NODE_2641_length_1165_cov_4.406593_g1784_i0,Pseudomonas phage ZCPA1 Seq22 genomic sequence,90.964,498,45,0,1,498,223,720,0.0,671
NODE_2641_length_1165_cov_4.406593_g1784_i0,Dickeya phage phiDP23.1 clone pD23.contig.3_1 genomic sequence,89.608,510,51,2,1,509,1225,717,0.0,647
NODE_2641_length_1165_cov_4.406593_g1784_i0,Dickeya phage phiDP23.1 clone pD23.contig.3_1 genomic sequence,83.285,688,94,11,373,1044,683,1,3.55e-171,614
NODE_2787_length_1138_cov_10.477934_g1881_i0,Rose cryptic virus 1 segment dsRNA1 RNA-dependent RNA polymerase gene, complete cds,99.912,1138,1,0,1,1138,1736,599,0.0,2097
NODE_2787_length_1138_cov_10.477934_g1881_i0,Rosa multiflora cryptic virus segment dsRNA1, complete sequence,99.824,1138,2,0,1,1138,1736,599,0.0,2091
NODE_2787_length_1138_cov_10.477934_g1881_i0,Rose cryptic virus 1 RNA 1, complete sequence,99.561,1138,5,0,1,1138,1737,600,0.0,2074
NODE_2787_length_1138_cov_10.477934_g1881_i0,Rose cryptic virus 1 isolate ShB-1 segment dsRNA1, complete sequence,99.561,1138,5,0,1,1138,1737,600,0.0,2074
NODE_2787_length_1138_cov_10.477934_g1881_i0,Rose cryptic virus 1 isolate LS13S9 segment RNA1 RNA-dependent RNA polymerase gene, complete cds,100.000,1073,0,0,66,1138,1597,525,0.0,1982
NODE_3099_length_1075_cov_4.875250_g2126_i0,Rose yellow vein virus isolate CAN, complete genome,84.141,227,32,4,829,1053,5078,4854,1.08e-51,217
NODE_3099_length_1075_cov_4.875250_g2126_i0,Rose yellow vein virus isolate TEK, complete genome,83.628,226,35,2,829,1053,5078,4854,5.01e-50,211
NODE_3099_length_1075_cov_4.875250_g2126_i0,Rose yellow vein virus isolate EDI, complete genome,83.628,226,35,2,829,1053,5078,4854,5.01e-50,211
NODE_3099_length_1075_cov_4.875250_g2126_i0,Rose yellow vein virus strain RYVV-MN1, complete genome,83.700,227,33,4,829,1053,5078,4854,5.01e-50,211
NODE_3221_length_1054_cov_39.106014_g2219_i0,MAG: Marseillevirus LCMAC103, sequence,80.556,216,40,2,576,790,10059,9845,3.87e-36,165
NODE_3221_length_1054_cov_39.106014_g2219_i0,MAG: Trachysalambria curvirostris nimavirus Ube2021 DNA, complete genome,80.090,221,40,4,801,1019,72464,72682,5.01e-35,161
NODE_3329_length_1037_cov_4.769710_g2309_i0,Stealth virus 1 clone 3B43, genomic sequence,89.936,785,68,10,258,1037,3620,2842,0.0,1002
NODE_3329_length_1037_cov_4.769710_g2309_i0,MAG: Qianjiang picobirna-like virus 2 isolate QJ3MS693 genomic sequence,82.030,985,159,16,62,1037,4848,3873,0.0,822
NODE_3329_length_1037_cov_4.769710_g2309_i0,Dickeya phage phiDP10.3 clone pD10.contig.26_1 genomic sequence,82.421,950,149,15,64,1004,852,1792,0.0,813
NODE_3329_length_1037_cov_4.769710_g2309_i0,Dickeya phage phiDP10.3 clone pD10.contig.26_1 genomic sequence,90.476,63,6,0,64,126,676,738,1.10e-11,84.2
NODE_3329_length_1037_cov_4.769710_g2309_i0,Stealth virus 1 clone 3B43 T3,86.598,679,67,23,258,917,1,674,0.0,734
NODE_3329_length_1037_cov_4.769710_g2309_i0,Dickeya phage phiDP23.1 clone pD23.contig.39_1 genomic sequence,83.007,765,116,11,247,1004,8,765,0.0,680
NODE_3331_length_1036_cov_19.493250_g2311_i0,Clandestinovirus isolate 347.936635, partial genome,75.258,194,42,5,558,748,404196,404386,8.48e-13,87.9
NODE_4043_length_931_cov_18.737762_g2908_i0,Prunus necrotic ringspot virus isolate Q15R3N segment RNA3, complete sequence,92.466,146,11,0,189,334,146,1,1.55e-49,209
NODE_4205_length_909_cov_2.546651_g3045_i0,Bovine viral diarrhea virus p125 protein gene, partial cds,84.416,231,34,2,655,884,1495,1266,1.50e-54,226
NODE_4205_length_909_cov_2.546651_g3045_i0,Pestivirus type 1 cytopathic genomic RNA, complete genome,81.116,233,30,8,665,884,8397,8166,5.52e-39,174
NODE_4205_length_909_cov_2.546651_g3045_i0,Bovine viral diarrhea virus mRNA sequence,80.342,234,29,10,665,884,1080,850,4.30e-35,161
NODE_4997_length_827_cov_3.366048_g3732_i0,Papaya mosaic virus isolate PaMVs1, partial genome,95.522,67,2,1,670,735,116,50,1.85e-18,106
NODE_4997_length_827_cov_3.366048_g3732_i0,Turnip mosaic virus isolate NSW3, complete genome,100.000,53,0,0,670,722,9804,9752,3.10e-16,99.0
NODE_5369_length_795_cov_7.159280_g4067_i0,MAG: Qianjiang picobirna-like virus 2 isolate QJ3MS693 genomic sequence,88.418,803,82,9,1,795,4746,3947,0.0,957
NODE_5369_length_795_cov_7.159280_g4067_i0,Dickeya phage phiDP10.3 clone pD10.contig.26_1 genomic sequence,82.528,807,122,12,1,795,952,1751,0.0,691
NODE_5369_length_795_cov_7.159280_g4067_i0,Dickeya phage phiDP23.1 clone pD23.contig.39_1 genomic sequence,82.459,724,108,12,84,795,8,724,6.64e-172,616
NODE_5369_length_795_cov_7.159280_g4067_i0,Stealth virus 1 clone 3B43, genomic sequence,82.427,717,98,22,95,795,3620,2916,1.86e-167,601
NODE_5369_length_795_cov_7.159280_g4067_i0,Stealth virus 1 clone 3B43 T3,79.708,685,98,31,95,749,1,674,9.15e-126,462
NODE_5709_length_767_cov_48.134006_g4378_i0,Bovine viral diarrhea virus p125 protein gene, partial cds,85.022,227,34,0,442,668,1493,1267,2.71e-56,231
NODE_5709_length_767_cov_48.134006_g4378_i0,Pestivirus type 1 cytopathic genomic RNA, complete genome,81.172,239,33,6,442,668,8405,8167,2.76e-41,182
NODE_5709_length_767_cov_48.134006_g4378_i0,Bovine viral diarrhea virus mRNA sequence,80.417,240,32,8,442,668,1088,851,2.15e-37,169
NODE_6088_length_739_cov_63.849850_g4728_i0,Lima bean endornavirus 1 isolate LA, complete genome,92.708,96,7,0,31,126,1,96,1.62e-28,139
NODE_6225_length_731_cov_6.331307_g4856_i0,MAG: Qianjiang picobirna-like virus 2 isolate QJ3MS693 genomic sequence,89.009,737,69,10,1,731,1651,2381,0.0,902
NODE_6225_length_731_cov_6.331307_g4856_i0,Dickeya phage phiDP23.1 clone pD23.contig.44_1 genomic sequence,83.827,742,106,12,1,731,1455,717,0.0,693
NODE_6225_length_731_cov_6.331307_g4856_i0,Dickeya phage phiDP10.3 clone pD10.contig.26_1 genomic sequence,83.827,742,106,12,1,731,3517,2779,0.0,693
NODE_6225_length_731_cov_6.331307_g4856_i0,MAG: Ripoflyv virus isolate KCAP1_k141_439794 genomic sequence,84.031,645,82,14,101,731,798,161,1.70e-167,601
NODE_6225_length_731_cov_6.331307_g4856_i0,Stealth virus 1 clone 3B43, genomic sequence,78.439,756,118,36,3,731,652,1389,1.40e-123,455
NODE_6313_length_724_cov_3.529954_g4941_i0,MAG: Megaviridae environmental sample isolate oPacV-662 clone oPacV-662_c18,75.556,135,29,4,563,695,9521,9389,9.83e-06,63.9
NODE_6650_length_700_cov_2.637959_g5255_i0,Hubei picorna-like virus 78 strain WHSF6879 hypothetical protein 1 and hypothetical protein 2 genes, complete cds,87.179,702,82,7,1,698,7091,6394,0.0,791
NODE_6650_length_700_cov_2.637959_g5255_i0,Hubei picorna-like virus 78 strain WHSF6879 hypothetical protein 1 and hypothetical protein 2 genes, complete cds,87.179,702,82,7,1,698,7091,6394,0.0,791
NODE_6650_length_700_cov_2.637959_g5255_i0,MAG: Picornavirales sp. isolate 107-k141_117452 hypothetical protein 1 and hypothetical protein 2 genes, complete cds,79.291,705,132,13,1,698,7030,6333,2.21e-131,481
NODE_6695_length_697_cov_3.706731_g5299_i0,Stealth virus 1 clone 3B43, genomic sequence,81.844,705,111,13,1,697,1078,383,2.73e-160,577
NODE_6695_length_697_cov_3.706731_g5299_i0,MAG: Ripagrog virus isolate KCAP2_k141_407948 genomic sequence,79.762,336,54,10,369,697,1715,2043,2.45e-56,231
NODE_6695_length_697_cov_3.706731_g5299_i0,MAG: Ripoflyv virus isolate KCAP1_k141_439794 genomic sequence,78.916,332,63,7,1,329,471,798,1.91e-52,219
NODE_6695_length_697_cov_3.706731_g5299_i0,Stealth virus 1 clone 3B43 T7,78.704,216,43,2,484,697,597,383,1.96e-32,152
NODE_6695_length_697_cov_3.706731_g5299_i0,MAG: Chrocavyrb virus isolate CC1C_k141_83395 genomic sequence,89.796,98,5,2,230,327,237,329,5.53e-23,121
NODE_7563_length_651_cov_1.588235_g6130_i0,Tetranychus truncatus iflavirus 1 isolate TtIV-1 polyprotein gene, complete cds,74.300,393,81,16,242,624,1070,1452,2.36e-31,148
NODE_7700_length_643_cov_11.414035_g6261_i0,Tadarida brasiliensis circovirus 1, complete genome,100.000,34,0,0,610,643,986,1019,8.68e-06,63.9
NODE_8072_length_627_cov_2.873646_g6626_i0,Hubei picorna-like virus 78 strain WHSF6879 hypothetical protein 1 and hypothetical protein 2 genes, complete cds,85.350,628,89,2,1,627,9420,8795,0.0,647
NODE_8072_length_627_cov_2.873646_g6626_i0,Hubei picorna-like virus 78 strain WHSF6879 hypothetical protein 1 and hypothetical protein 2 genes, complete cds,85.350,628,89,2,1,627,9420,8795,0.0,647
NODE_8072_length_627_cov_2.873646_g6626_i0,MAG: Picornavirales sp. isolate 107-k141_117452 hypothetical protein 1 and hypothetical protein 2 genes, complete cds,75.943,636,132,16,3,627,9359,8734,3.53e-79,307
NODE_8451_length_611_cov_2.921933_g6999_i0,MAG: Faunusvirus sp. isolate FNV1 clone Faunusvirus_6, sequence,82.278,79,14,0,17,95,18497,18419,1.77e-07,69.4
NODE_8451_length_611_cov_2.921933_g6999_i0,Chrysochromulina ericina virus CeV-01B, complete genome,91.667,48,4,0,53,100,183295,183248,6.35e-07,67.6
NODE_8451_length_611_cov_2.921933_g6999_i0,Chrysochromulina ericina virus isolate CeV-01B, complete genome,91.667,48,4,0,53,100,183295,183248,6.35e-07,67.6
NODE_8547_length_607_cov_3.518727_g7094_i0,MAG: Qianjiang picobirna-like virus 2 isolate QJ3MS693 genomic sequence,88.353,601,64,5,10,607,2679,2082,0.0,717
NODE_8547_length_607_cov_3.518727_g7094_i0,Dickeya phage phiDP23.1 clone pD23.contig.44_1 genomic sequence,85.747,442,58,4,171,607,579,1020,6.89e-126,462
NODE_8547_length_607_cov_3.518727_g7094_i0,Dickeya phage phiDP10.3 clone pD10.contig.26_1 genomic sequence,85.747,442,58,4,171,607,2641,3082,6.89e-126,462
NODE_8547_length_607_cov_3.518727_g7094_i0,Stealth virus 1 clone 3B43, genomic sequence,84.222,450,51,16,171,607,1527,1085,3.25e-114,424
NODE_8547_length_607_cov_3.518727_g7094_i0,MAG: Ripoflyv virus isolate KCAP1_k141_439794 genomic sequence,84.503,342,46,3,272,607,124,464,2.03e-86,331
NODE_9398_length_574_cov_3.277445_g7937_i0,Orthonairovirus haemorrhagiae strain BA8004 segment M, complete sequence,97.248,109,2,1,1,108,28,136,5.66e-42,183
NODE_9398_length_574_cov_3.277445_g7937_i0,MAG: Picobirnavirus sp. isolate 87-k141_33409 putative RNA-dependent RNA polymerase gene, complete cds,90.000,140,14,0,427,566,1,140,2.04e-41,182
NODE_9398_length_574_cov_3.277445_g7937_i0,MAG: Porcellio scaber clopovirus TUMSAT20211004 DNA, complete genome,92.929,99,6,1,1,98,164598,164500,9.60e-30,143
NODE_9398_length_574_cov_3.277445_g7937_i0,Garlic virus D isolate GarVD_BR, complete genome,98.750,80,1,0,22,101,8466,8387,9.60e-30,143
NODE_9398_length_574_cov_3.277445_g7937_i0,Grapevine leafroll-associated virus 1 isolate 12.2.1 coat protein-like gene, partial sequence,84.211,152,17,7,341,492,374,518,3.45e-29,141
NODE_9762_length_561_cov_3.809426_g8295_i0,Stealth virus 1 clone 3B43, genomic sequence,80.385,571,90,18,1,559,1107,1667,1.39e-112,418
NODE_9762_length_561_cov_3.809426_g8295_i0,MAG: Chrocadirk virus isolate CC1B_k141_10698 genomic sequence,81.481,459,63,16,110,559,675,230,3.07e-94,357
NODE_9762_length_561_cov_3.809426_g8295_i0,MAG: Ripakrev virus isolate KCAP3_k141_172486 genomic sequence,77.163,416,75,18,19,421,4674,4266,3.25e-54,224
NODE_9762_length_561_cov_3.809426_g8295_i0,Paenibacillus phage Pd_22F, complete genome,75.476,420,93,10,6,420,84284,84698,7.09e-46,196
NODE_9762_length_561_cov_3.809426_g8295_i0,MAG: Sopazov virus isolate SP1B_k141_222276 genomic sequence,78.467,274,52,7,274,544,4122,4391,1.20e-38,172
NODE_10529_length_537_cov_1.900862_g9057_i0,White spot syndrome virus isolate WSSV_CIBA_002,79.521,376,64,11,173,537,188965,188592,1.10e-63,255
NODE_10529_length_537_cov_1.900862_g9057_i0,MAG: Ripador virus isolate KCAP1_k141_667895 genomic sequence,81.500,200,31,5,343,537,1388,1190,8.88e-35,159
NODE_10529_length_537_cov_1.900862_g9057_i0,Ilarvirus APLPV isolate Q15R3 segment RNA3, complete sequence,95.946,74,1,1,198,271,1,72,1.51e-22,119
NODE_10529_length_537_cov_1.900862_g9057_i0,MAG: Partitiviridae sp. isolate R2-k141_1752734 putative RNA-dependent RNA polymerase gene, complete cds,88.172,93,11,0,1,93,102,10,2.52e-20,111
NODE_10529_length_537_cov_1.900862_g9057_i0,Rhizoctonia solani mitovirus 40 putative RNA-dependent RNA polymerase gene, complete cds,84.615,104,14,2,7,109,3620,3518,1.52e-17,102
NODE_12216_length_491_cov_9.157895_g10738_i0,Poaceae Liege totivirus 16 putative capsid protein (ORF1) and putative RNA-dependent RNA polymerase (ORF2) genes, complete cds,93.750,96,6,0,304,399,4665,4760,2.26e-30,145
NODE_12216_length_491_cov_9.157895_g10738_i0,Orthonairovirus haemorrhagiae strain BA04032 segment L, complete sequence,88.119,101,8,3,315,414,12134,12231,4.92e-22,117
NODE_12216_length_491_cov_9.157895_g10738_i0,Tomato zonate spot virus segment S, complete sequence,95.455,66,1,2,381,444,1788,1853,3.83e-18,104
NODE_12216_length_491_cov_9.157895_g10738_i0,Orthonairovirus haemorrhagiae strain BA84002 segment M, complete sequence,96.226,53,1,1,313,365,91,142,1.39e-12,86.1
NODE_12373_length_488_cov_4.385542_g10895_i0,Orthonairovirus haemorrhagiae strain BA8004 segment M, complete sequence,93.333,60,4,0,91,150,1,60,1.07e-13,89.8
NODE_12428_length_487_cov_1.565217_g10950_i0,MAG TPA_asm: Caudoviricetes sp. isolate ctUFK4, partial genome,74.607,445,97,15,26,462,4215,4651,1.71e-41,182
NODE_12523_length_484_cov_5.092457_g11045_i0,MAG: Qianjiang picobirna-like virus 2 isolate QJ3MS693 genomic sequence,80.328,488,86,9,1,484,525,1006,2.03e-95,361
NODE_12523_length_484_cov_5.092457_g11045_i0,Paenibacillus phage Pd_22F, complete genome,77.778,486,103,5,1,484,82692,83174,2.09e-75,294
NODE_12523_length_484_cov_5.092457_g11045_i0,MAG: Sopigom virus isolate SP1A_k141_44328 genomic sequence,89.140,221,21,3,1,220,7726,7508,9.80e-69,272
NODE_12523_length_484_cov_5.092457_g11045_i0,Uncultured human fecal virus clone R.bromii_S11.J19_2_c1 sequence,76.042,480,103,11,11,484,3062,2589,9.94e-59,239
NODE_12523_length_484_cov_5.092457_g11045_i0,MAG TPA_asm: Caudoviricetes sp. isolate ctxsx2, partial genome,76.042,480,103,11,11,484,2567,2094,9.94e-59,239
NODE_12613_length_482_cov_10.623472_g11134_i0,MAG TPA_asm: Polyomavirus takifugu6963 isolate Polyoma6963 genomic sequence,97.368,38,0,1,104,140,3215,3178,6.39e-06,63.9
NODE_13205_length_470_cov_3.027708_g11726_i0,TPA_asm: Logan nepovirus segment RNA1 polyprotein gene, complete cds,81.273,267,50,0,194,460,7748,8014,4.51e-52,217
NODE_13278_length_469_cov_1.507576_g11799_i0,Betacoronavirus 1 strain GCCDC4, complete genome,92.553,94,6,1,266,359,93,1,4.66e-27,134
NODE_13278_length_469_cov_1.507576_g11799_i0,Diolcogaster facetosa bracovirus segment 29, complete sequence,92.857,84,5,1,265,348,11892,11974,3.63e-23,121
NODE_13406_length_466_cov_2.633588_g11927_i0,Escherichia phage TR2, complete genome,100.000,306,0,0,1,306,19755,20060,3.85e-157,566
NODE_13406_length_466_cov_2.633588_g11927_i0,Escherichia phage TR2, complete genome,100.000,150,0,0,317,466,20093,20242,2.02e-70,278
NODE_14114_length_452_cov_7.699208_g12635_i0,Tadarida brasiliensis circovirus 1, complete genome,100.000,34,0,0,1,34,1019,986,5.96e-06,63.9
NODE_14926_length_438_cov_3.139726_g13446_i0,MAG TPA_asm: Caudoviricetes sp. isolate ctJYV16, partial genome,86.207,58,8,0,109,166,44270,44213,5.77e-06,63.9
NODE_15269_length_432_cov_8.384401_g13788_i0,Rose cryptic virus 1 isolate LS13S9 segment RNA1 RNA-dependent RNA polymerase gene, complete cds,100.000,396,0,0,37,432,102,497,0.0,732
NODE_15269_length_432_cov_8.384401_g13788_i0,Rose cryptic virus 1 RNA 1, complete sequence,100.000,396,0,0,37,432,177,572,0.0,732
NODE_15269_length_432_cov_8.384401_g13788_i0,Rose cryptic virus 1 RNA 1, complete sequence,100.000,38,0,0,1,38,50,87,3.39e-08,71.3
NODE_15269_length_432_cov_8.384401_g13788_i0,Rose cryptic virus 1 segment dsRNA1 RNA-dependent RNA polymerase gene, complete cds,100.000,396,0,0,37,432,176,571,0.0,732
NODE_15269_length_432_cov_8.384401_g13788_i0,Rose cryptic virus 1 segment dsRNA1 RNA-dependent RNA polymerase gene, complete cds,100.000,38,0,0,1,38,49,86,3.39e-08,71.3
NODE_15269_length_432_cov_8.384401_g13788_i0,Rosa multiflora cryptic virus segment dsRNA1, complete sequence,100.000,396,0,0,37,432,176,571,0.0,732
NODE_15269_length_432_cov_8.384401_g13788_i0,Rosa multiflora cryptic virus segment dsRNA1, complete sequence,100.000,38,0,0,1,38,49,86,3.39e-08,71.3
NODE_15269_length_432_cov_8.384401_g13788_i0,Rose cryptic virus 1 isolate ShB-1 segment dsRNA1, complete sequence,100.000,396,0,0,37,432,177,572,0.0,732
NODE_15269_length_432_cov_8.384401_g13788_i0,Rose cryptic virus 1 isolate ShB-1 segment dsRNA1, complete sequence,100.000,38,0,0,1,38,50,87,3.39e-08,71.3
NODE_15323_length_432_cov_2.030641_g13842_i0,uncultured Caudovirales phage genome assembly,84.270,89,11,3,108,193,3547,3635,4.36e-12,84.2
NODE_15323_length_432_cov_2.030641_g13842_i0,Pseudomonas phage D6, complete genome,79.787,94,15,4,102,193,17745,17654,1.58e-06,65.8
NODE_15622_length_427_cov_5.717514_g14141_i0,Armillaria borealis mitovirus 1 isolate AbMV1/RH498, complete genome,76.303,422,87,10,1,415,101,516,5.26e-51,213
NODE_15622_length_427_cov_5.717514_g14141_i0,MAG: Ripachek virus isolate KCAP1_k141_334037 genomic sequence,78.909,275,50,8,1,272,4083,3814,5.34e-41,180
NODE_15622_length_427_cov_5.717514_g14141_i0,MAG: Ripastyr virus isolate MP3_k141_6580 genomic sequence,94.565,92,5,0,1,92,1228,1137,7.00e-30,143
NODE_15622_length_427_cov_5.717514_g14141_i0,MAG: Ripadip virus isolate KCAP1_k141_658204 genomic sequence,92.473,93,7,0,1,93,4681,4589,4.21e-27,134
NODE_15622_length_427_cov_5.717514_g14141_i0,MAG: Sopatrul virus isolate SP1A_k141_123728 genomic sequence,86.747,83,7,3,9,89,310,230,9.25e-14,89.8
NODE_16077_length_421_cov_1.491379_g14596_i0,Aphis glycines virus 1 isolate North Dakota, complete genome,99.050,421,4,0,1,421,8465,8045,0.0,756
NODE_16077_length_421_cov_1.491379_g14596_i0,Aphis glycines virus 1 capsid polyprotein gene, partial cds; and non-structural polyprotein gene, complete cds,99.050,421,4,0,1,421,8077,7657,0.0,756
NODE_16077_length_421_cov_1.491379_g14596_i0,MAG: Aphis glycines virus 1 isolate PLE20SW, complete genome,98.812,421,5,0,1,421,8769,8349,0.0,750
NODE_16077_length_421_cov_1.491379_g14596_i0,MAG: Aphis glycines virus 1 isolate POR19ST, complete genome,98.329,419,7,0,1,419,8766,8348,0.0,736
NODE_16077_length_421_cov_1.491379_g14596_i0,Tetranychus truncatus picorna-like virus 2 isolate TtV-2 structural polyprotein and non-structural polyprotein genes, complete cds,91.667,420,33,2,1,419,8786,8368,1.23e-161,580
NODE_16146_length_420_cov_1.544669_g14665_i0,Pittosporum cryptic virus-1 RdRp gene for RNA dependent RNA polymerase, segment RNA1, isolate Pit-MAIB,95.122,328,16,0,93,420,1638,1965,9.78e-143,518
NODE_17038_length_407_cov_5.458084_g15557_i0,MAG: Qianjiang picobirna-like virus 2 isolate QJ3MS693 genomic sequence,90.250,400,29,8,15,407,1463,1859,1.22e-141,514
NODE_17038_length_407_cov_5.458084_g15557_i0,Dickeya phage phiDP10.3 clone pD10.contig.26_1 genomic sequence,85.965,399,46,8,17,407,3703,3307,9.86e-113,418
NODE_17038_length_407_cov_5.458084_g15557_i0,Dickeya phage phiDP23.1 clone pD23.contig.44_1 genomic sequence,86.997,323,34,6,92,407,1566,1245,2.18e-94,357
NODE_17038_length_407_cov_5.458084_g15557_i0,Paenibacillus phage Pd_22F, complete genome,76.943,386,65,21,19,389,83638,84014,1.40e-46,198
NODE_17038_length_407_cov_5.458084_g15557_i0,MAG: Felid alphaherpesvirus 1 isolate 4712 genomic sequence,76.081,393,74,18,17,400,451,70,3.03e-43,187
NODE_17045_length_407_cov_4.904192_g15564_i0,Hepacivirus F isolate NA genome assembly, complete genome: monopartite,95.041,121,6,0,53,173,137,17,2.34e-44,191
NODE_17045_length_407_cov_4.904192_g15564_i0,Hepacivirus F isolate NA genome assembly, complete genome: monopartite,100.000,41,0,0,1,41,97,137,6.84e-10,76.8
NODE_17045_length_407_cov_4.904192_g15564_i0,Saccharomyces cerevisiae virus L-A strain ScV-LAlus1, complete genome,98.734,79,1,0,38,116,4870,4792,2.39e-29,141
NODE_17045_length_407_cov_4.904192_g15564_i0,Saccharomyces cerevisiae virus L-A strain ScV-LAlus1, complete genome,96.491,57,0,2,1,56,4815,4870,6.79e-15,93.5
NODE_18565_length_388_cov_3.387302_g17084_i0,Rose partitivirus isolate PB segment dsRNA1, complete sequence,99.485,388,2,0,1,388,653,1040,0.0,706
NODE_18565_length_388_cov_3.387302_g17084_i0,Rose partitivirus segment RNA1, complete sequence,99.485,388,2,0,1,388,653,1040,0.0,706
NODE_18565_length_388_cov_3.387302_g17084_i0,Rose partitivirus isolate Gyeongju RNA-dependent RNA polymerase gene, partial cds,97.938,388,8,0,1,388,727,1114,0.0,673
NODE_18565_length_388_cov_3.387302_g17084_i0,Panax cryptic virus 4 RNA-dependent RNA polymerase (RdRp) gene, partial cds,82.712,295,51,0,36,330,5,299,4.64e-66,263
NODE_18565_length_388_cov_3.387302_g17084_i0,MAG: Exserohilum turcicum partitivirus 1 isolate TG4 segment 1, complete sequence,80.114,176,33,2,1,175,663,837,4.91e-26,130
NODE_18629_length_387_cov_4.152866_g17148_i0,Rose partitivirus isolate PB segment dsRNA1, complete sequence,99.483,387,2,0,1,387,1685,1299,0.0,704
NODE_18629_length_387_cov_4.152866_g17148_i0,Rose partitivirus segment RNA1, complete sequence,99.483,387,2,0,1,387,1685,1299,0.0,704
NODE_18629_length_387_cov_4.152866_g17148_i0,Rose partitivirus isolate Gyeongju RNA-dependent RNA polymerase gene, partial cds,98.966,387,4,0,1,387,1759,1373,0.0,693
NODE_18629_length_387_cov_4.152866_g17148_i0,Rose partitivirus RoPV-dsRNA1-Du-CNU1 genomic RNA, segment dsRNA1, complete sequence,82.124,386,66,3,1,385,1586,1203,1.62e-85,327
NODE_18629_length_387_cov_4.152866_g17148_i0,Pear alphapartitivirus PpPV2-dsRNA1-Du-CNU1 genomic RNA, segment dsRNA1, complete sequence,82.124,386,66,3,1,385,1586,1203,1.62e-85,327
NODE_18847_length_385_cov_1.426282_g17365_i0,Yellowstone lake phycodnavirus 1 DNA, complete genome, isolate: 1,77.830,212,43,2,171,380,27406,27615,1.75e-25,128
NODE_18847_length_385_cov_1.426282_g17365_i0,Yellowstone lake phycodnavirus 1 DNA, complete genome, isolate: 1,77.830,212,43,2,171,380,27406,27615,1.75e-25,128
NODE_18995_length_383_cov_3.483871_g17513_i0,White spot syndrome virus isolate WSSV_CIBA_002,86.260,131,18,0,1,131,183922,183792,6.22e-30,143
NODE_18995_length_383_cov_3.483871_g17513_i0,Orthonairovirus haemorrhagiae strain BA8004 segment L, complete sequence,97.561,82,2,0,1,82,66,147,2.24e-29,141
NODE_18995_length_383_cov_3.483871_g17513_i0,Orthonairovirus haemorrhagiae strain A76048 segment M, complete sequence,97.500,80,2,0,3,82,88,9,2.89e-28,137
NODE_18995_length_383_cov_3.483871_g17513_i0,Longquan Rhinolophus sinicus vesiculovirus 1, complete genome,95.946,74,3,0,1,74,10990,11063,2.91e-23,121
NODE_18995_length_383_cov_3.483871_g17513_i0,Tomato zonate spot virus segment S, complete sequence,92.308,78,5,1,285,361,1859,1782,6.31e-20,110
NODE_19498_length_378_cov_1.350820_g18016_i0,MAG: Qianjiang picobirna-like virus 2 isolate QJ3MS693 genomic sequence,93.176,381,16,10,1,376,1767,2142,8.59e-153,551
NODE_19498_length_378_cov_1.350820_g18016_i0,MAG: Ripoflyv virus isolate KCAP1_k141_439794 genomic sequence,86.630,359,45,3,22,378,759,402,1.53e-105,394
NODE_19498_length_378_cov_1.350820_g18016_i0,Dickeya phage phiDP23.1 clone pD23.contig.44_1 genomic sequence,84.021,388,44,15,1,378,1337,958,2.01e-94,357
NODE_19498_length_378_cov_1.350820_g18016_i0,Dickeya phage phiDP10.3 clone pD10.contig.26_1 genomic sequence,84.021,388,44,15,1,378,3399,3020,2.01e-94,357
NODE_19498_length_378_cov_1.350820_g18016_i0,MAG: Ripaflad virus isolate KCAP2_k141_103046 genomic sequence,88.034,117,11,3,87,201,117,2,1.03e-27,135
NODE_19891_length_374_cov_2.289037_g18409_i0,MAG: Mbeech associated botourmia-like virus 2 isolate NOTSOL genomic sequence,93.583,187,12,0,1,187,2166,2352,4.43e-71,279
NODE_19891_length_374_cov_2.289037_g18409_i0,Wheat yellow mosaic virus Naganuma-1 RNA, segment RNA2, nearly complete sequence,95.522,67,3,0,200,266,67,1,2.21e-19,108
NODE_20471_length_368_cov_3.559322_g18989_i0,MAG: Qianjiang picobirna-like virus 2 isolate QJ3MS693 genomic sequence,84.409,372,50,7,1,368,4984,4617,5.43e-95,359
NODE_20471_length_368_cov_3.559322_g18989_i0,MAG: Ripashof virus isolate MP1_k141_46323 genomic sequence,79.412,272,51,3,1,272,405,671,2.71e-43,187
NODE_20471_length_368_cov_3.559322_g18989_i0,Uncultured human fecal virus clone UBA11524.sp1_S03.L10_2_c1 sequence,97.500,40,1,0,157,196,40,1,1.02e-07,69.4
NODE_21067_length_362_cov_3.698962_g19585_i0,Rose cryptic virus 1 isolate LS13S9 segment RNA3 hypothetical protein gene, complete cds,100.000,35,0,0,328,362,387,421,1.30e-06,65.8
NODE_21067_length_362_cov_3.698962_g19585_i0,Rose cryptic virus 1 isolate LS11S16 segment RNA3a hypothetical protein gene, partial cds,100.000,35,0,0,328,362,267,301,1.30e-06,65.8
NODE_21067_length_362_cov_3.698962_g19585_i0,Rose cryptic virus 1 RNA 3, complete sequence,100.000,35,0,0,328,362,419,453,1.30e-06,65.8
NODE_21067_length_362_cov_3.698962_g19585_i0,Rose cryptic virus 1 segment dsRNA3 hypothetical protein gene, complete cds,100.000,35,0,0,328,362,419,453,1.30e-06,65.8
NODE_21067_length_362_cov_3.698962_g19585_i0,Rosa multiflora cryptic virus segment dsRNA2, complete sequence,100.000,35,0,0,328,362,419,453,1.30e-06,65.8
NODE_21835_length_355_cov_3.695035_g20353_i0,Mutant Sacbrood virus strain Fujian, complete sequence,100.000,355,0,0,1,355,142,496,0.0,656
NODE_21835_length_355_cov_3.695035_g20353_i0,Enterobacteria phage DE3, complete genome,100.000,355,0,0,1,355,775,421,0.0,656
NODE_21835_length_355_cov_3.695035_g20353_i0,Enterobacteria phage DE3, complete genome,100.000,355,0,0,1,355,775,421,0.0,656
NODE_22046_length_353_cov_3.635714_g20564_i0,MAG: Piper chlorosis virus isolate VPRI 44537 genomic sequence,89.848,197,20,0,119,315,6482,6286,2.52e-63,254
NODE_22046_length_353_cov_3.635714_g20564_i0,MAG: Ripishep virus isolate KCAP3_k141_264293 genomic sequence,82.206,281,43,6,38,315,9324,9600,9.12e-58,235
NODE_22046_length_353_cov_3.635714_g20564_i0,Cucumber mosaic virus isolate PM30 movement protein and coat protein genes, complete cds,91.892,74,5,1,11,84,2001,2073,9.65e-18,102
NODE_22133_length_352_cov_5.265233_g20651_i0,White spot syndrome virus isolate WSSV_CIBA_002,85.799,169,20,4,186,352,184865,184699,5.59e-40,176
NODE_22133_length_352_cov_5.265233_g20651_i0,White spot syndrome virus isolate WSSV_CIBA_002,82.645,121,16,5,8,125,185190,185072,9.62e-18,102
NODE_22133_length_352_cov_5.265233_g20651_i0,Beauveria bassiana partitivirus 5 strain RCEF 6874 coat protein gene, complete cds,87.023,131,14,3,1,129,1510,1381,1.58e-30,145
NODE_22133_length_352_cov_5.265233_g20651_i0,MAG: Chronavilt virus isolate CN1A_k141_118239 genomic sequence,92.000,100,8,0,61,160,3960,4059,2.04e-29,141
NODE_22133_length_352_cov_5.265233_g20651_i0,MAG: Cressdnaviricota sp. isolate ctcd46, complete genome,82.692,156,21,6,11,162,1666,1819,3.41e-27,134
NODE_22133_length_352_cov_5.265233_g20651_i0,Uncultured marine virus clone SOG02701, complete genome,82.581,155,23,4,11,162,268,421,3.41e-27,134
NODE_22847_length_346_cov_2.256410_g21365_i0,Prunus necrotic ringspot virus isolate Q15R3N segment RNA3, complete sequence,99.408,169,0,1,1,169,168,1,6.70e-79,305
NODE_23067_length_344_cov_2.365314_g21585_i0,MAG TPA_asm: Caudoviricetes sp. isolate ctZtT2, partial genome,93.878,49,3,0,42,90,8975,9023,2.04e-09,75.0
NODE_23067_length_344_cov_2.365314_g21585_i0,Escherichia phage vB_EcoS-683R6, partial genome,93.750,48,3,0,43,90,31806,31759,7.35e-09,73.1
NODE_23067_length_344_cov_2.365314_g21585_i0,Escherichia phage SerU-LTIIb, partial genome,93.750,48,3,0,43,90,1275,1228,7.35e-09,73.1
NODE_23067_length_344_cov_2.365314_g21585_i0,MAG TPA_asm: Bacteriophage sp. isolate ct2bt3, partial genome,93.750,48,3,0,43,90,6014,5967,7.35e-09,73.1
NODE_23067_length_344_cov_2.365314_g21585_i0,MAG TPA_asm: Caudoviricetes sp. isolate cthD014, partial genome,93.750,48,3,0,43,90,18632,18679,7.35e-09,73.1
NODE_23531_length_340_cov_2.284644_g22049_i0,Porcine endogenous retrovirus isolate PERV_VIRES_GX02_C2 putative gag protein gene, partial cds,80.176,227,45,0,109,335,1,227,2.50e-38,171
NODE_24029_length_336_cov_2.190114_g22547_i0,MAG: Qianjiang picobirna-like virus 2 isolate QJ3MS693 genomic sequence,93.155,336,23,0,1,336,883,548,1.29e-135,494
NODE_24029_length_336_cov_2.190114_g22547_i0,MAG: Ripapog virus isolate KCAP3_k141_289454 genomic sequence,86.577,298,38,2,40,336,1030,1326,1.38e-85,327
NODE_24029_length_336_cov_2.190114_g22547_i0,Dickeya phage phiDP10.3 clone pD10.contig.26_1 genomic sequence,81.627,332,53,7,1,328,4307,4634,8.51e-68,268
NODE_24029_length_336_cov_2.190114_g22547_i0,Dickeya phage phiDP23.1 clone pD23.contig.3_1 genomic sequence,83.142,261,42,2,1,260,424,683,2.40e-58,237
NODE_24029_length_336_cov_2.190114_g22547_i0,Dickeya phage phiDP23.1 clone pD23.contig.3_1 genomic sequence,81.614,223,35,5,109,328,702,921,4.10e-41,180
NODE_24029_length_336_cov_2.190114_g22547_i0,MAG: Sonafoz virus isolate SN1_k141_348964 genomic sequence,83.429,175,25,4,164,336,411,583,5.34e-35,159
NODE_24184_length_335_cov_1.091603_g22702_i0,MAG TPA_asm: Picobirnaviridae sp. isolate cteFB1 genomic sequence,100.000,78,0,0,169,246,2601,2524,1.49e-30,145
NODE_24184_length_335_cov_1.091603_g22702_i0,Hepacivirus F isolate NA genome assembly, complete genome: monopartite,100.000,73,0,0,263,335,1,73,8.97e-28,135
NODE_25354_length_326_cov_3.067194_g23872_i0,MAG: Aphis glycines virus 1 isolate PLE20SW, complete genome,97.546,326,8,0,1,326,6881,6556,4.36e-155,558
NODE_25354_length_326_cov_3.067194_g23872_i0,Aphis glycines virus 1 isolate North Dakota, complete genome,96.541,318,11,0,9,326,6569,6252,1.23e-145,527
NODE_25354_length_326_cov_3.067194_g23872_i0,Aphis glycines virus 1 capsid polyprotein gene, partial cds; and non-structural polyprotein gene, complete cds,96.541,318,11,0,9,326,6181,5864,1.23e-145,527
NODE_25354_length_326_cov_3.067194_g23872_i0,MAG: Aphis glycines virus 1 isolate POR19ST, complete genome,88.994,318,35,0,9,326,6870,6553,1.30e-105,394
NODE_25354_length_326_cov_3.067194_g23872_i0,Tetranychus truncatus picorna-like virus 2 isolate TtV-2 structural polyprotein and non-structural polyprotein genes, complete cds,88.000,325,37,2,3,326,6896,6573,2.82e-102,383
NODE_25979_length_321_cov_4.528226_g24497_i0,Stealth virus 1 clone 3B43, genomic sequence,85.106,94,14,0,228,321,3111,3204,4.04e-16,97.1
NODE_26194_length_320_cov_1.631579_g24712_i0,MAG: Jingmen Crocidura shantungensis henipavirus 1 isolate para_6 nucleocapsid protein, phosphoprotein, matrix protein, hypothetical protein, fusion protein, attachment glycoprotein, and RNA polymerase genes, complete cds,89.552,268,24,3,50,315,18439,18704,2.18e-88,337
NODE_26194_length_320_cov_1.631579_g24712_i0,Xanthomonas phage vB_XooS_NR08, complete genome,85.401,137,16,4,46,180,457,591,6.59e-29,139
NODE_26796_length_315_cov_3.752066_g25314_i0,Orthonairovirus haemorrhagiae strain A76048 segment S, complete sequence,100.000,79,0,0,237,315,1883,1805,3.87e-31,147
NODE_26862_length_315_cov_1.417355_g25380_i0,Chlorovirus sp. isolate O-NE-14, complete genome,80.986,142,25,2,6,146,299259,299119,1.41e-20,111
NODE_26862_length_315_cov_1.417355_g25380_i0,Chlorovirus sp. isolate O-NE-12, complete genome,80.986,142,25,2,6,146,280185,280045,1.41e-20,111
NODE_26862_length_315_cov_1.417355_g25380_i0,Chlorovirus sp. isolate O-NE-11, complete genome,80.986,142,25,2,6,146,285439,285299,1.41e-20,111
NODE_26862_length_315_cov_1.417355_g25380_i0,Chlorovirus sp. isolate N-NE-4, complete genome,80.986,142,25,2,6,146,292184,292044,1.41e-20,111
NODE_26862_length_315_cov_1.417355_g25380_i0,Chlorovirus sp. isolate NE-41-2-m, complete genome,80.986,142,25,2,6,146,260400,260260,1.41e-20,111
NODE_27305_length_312_cov_1.046025_g25823_i0,Mutant Human respirovirus 3 strain GE-GS/pHLC-HPIV3, complete genome,100.000,312,0,0,1,312,18790,18479,1.15e-160,577
NODE_27305_length_312_cov_1.046025_g25823_i0,Semliki forest virus genomic RNA for non-structural polyprotein and structural polyprotein, strain A7,100.000,312,0,0,1,312,12012,12323,1.15e-160,577
NODE_27305_length_312_cov_1.046025_g25823_i0,Mutant Salmonella phage seszw clone seszw_210S, complete genome,99.679,312,1,0,1,312,32005,31694,5.33e-159,571
NODE_27305_length_312_cov_1.046025_g25823_i0,Bacteriophage phi-X174 genes for lysis protein and beta-lactamase,99.359,312,2,0,1,312,1809,1498,2.48e-157,566
NODE_27305_length_312_cov_1.046025_g25823_i0,MAG: Enterobacter phage ENC20, complete genome,78.797,316,40,20,1,312,181522,181230,2.26e-43,187
NODE_27501_length_310_cov_5.189873_g26019_i0,Escherichia phage TR3, complete genome,100.000,150,0,0,1,150,32715,32864,1.29e-70,278
NODE_27501_length_310_cov_5.189873_g26019_i0,Escherichia phage TR3, complete genome,99.333,150,1,0,161,310,32937,33086,6.01e-69,272
NODE_27501_length_310_cov_5.189873_g26019_i0,Escherichia phage CY1_Cui-2023, complete genome,100.000,150,0,0,1,150,20637,20786,1.29e-70,278
NODE_27501_length_310_cov_5.189873_g26019_i0,Escherichia phage CY1_Cui-2023, complete genome,99.333,150,1,0,161,310,20859,21008,6.01e-69,272
NODE_27501_length_310_cov_5.189873_g26019_i0,Escherichia phage TR2, complete genome,100.000,150,0,0,1,150,5662,5513,1.29e-70,278
NODE_27501_length_310_cov_5.189873_g26019_i0,Escherichia phage TR2, complete genome,99.333,150,1,0,161,310,5440,5291,6.01e-69,272
NODE_27501_length_310_cov_5.189873_g26019_i0,Escherichia phage TR1, complete genome,100.000,150,0,0,1,150,5763,5614,1.29e-70,278
NODE_27501_length_310_cov_5.189873_g26019_i0,Escherichia phage TR1, complete genome,99.333,150,1,0,161,310,5541,5392,6.01e-69,272
NODE_27501_length_310_cov_5.189873_g26019_i0,Escherichia phage Rao1, complete genome,99.333,150,1,0,1,150,41904,42053,6.01e-69,272
NODE_27501_length_310_cov_5.189873_g26019_i0,Escherichia phage Rao1, complete genome,99.333,150,1,0,161,310,42126,42275,6.01e-69,272
NODE_27511_length_310_cov_4.548523_g26029_i0,Escherichia phage Lambda_ev066 genome assembly, chromosome: 1,100.000,150,0,0,1,150,45962,45813,1.29e-70,278
NODE_27511_length_310_cov_4.548523_g26029_i0,Escherichia phage Lambda_ev066 genome assembly, chromosome: 1,99.333,150,1,0,161,310,45745,45596,6.01e-69,272
NODE_27511_length_310_cov_4.548523_g26029_i0,Escherichia phage Lambda_ev110 genome assembly, chromosome: 1,100.000,150,0,0,1,150,45976,45827,1.29e-70,278
NODE_27511_length_310_cov_4.548523_g26029_i0,Escherichia phage Lambda_ev110 genome assembly, chromosome: 1,99.333,150,1,0,161,310,45759,45610,6.01e-69,272
NODE_27511_length_310_cov_4.548523_g26029_i0,Escherichia phage Lambda_ev058 genome assembly, chromosome: 1,100.000,150,0,0,1,150,46652,46503,1.29e-70,278
NODE_27511_length_310_cov_4.548523_g26029_i0,Escherichia phage Lambda_ev058 genome assembly, chromosome: 1,99.333,150,1,0,161,310,46435,46286,6.01e-69,272
NODE_27511_length_310_cov_4.548523_g26029_i0,Escherichia phage Lambda_ev203 genome assembly, chromosome: 1,100.000,150,0,0,1,150,45972,45823,1.29e-70,278
NODE_27511_length_310_cov_4.548523_g26029_i0,Escherichia phage Lambda_ev203 genome assembly, chromosome: 1,99.333,150,1,0,161,310,45755,45606,6.01e-69,272
NODE_27511_length_310_cov_4.548523_g26029_i0,Escherichia phage Lambda_ev245 genome assembly, chromosome: 1,100.000,150,0,0,1,150,45984,45835,1.29e-70,278
NODE_27511_length_310_cov_4.548523_g26029_i0,Escherichia phage Lambda_ev245 genome assembly, chromosome: 1,99.333,150,1,0,161,310,45767,45618,6.01e-69,272
NODE_27552_length_310_cov_3.793249_g26070_i0,HIV-1 isolate 9242_wk12_9_B7 from USA defective genome,83.594,128,21,0,183,310,4740,4613,2.30e-23,121
NODE_27552_length_310_cov_3.793249_g26070_i0,HIV-1 isolate HK_JIDLNBL_S071 from Switzerland nonfunctional gag protein (gag) gene, complete sequence; and nonfunctional pol protein (pol) gene, partial sequence,79.310,145,29,1,167,310,7565,7421,3.00e-17,100
NODE_27552_length_310_cov_3.793249_g26070_i0,HIV-1 isolate HK_JIDLNBL_S071 from Switzerland nonfunctional gag protein (gag) gene, complete sequence; and nonfunctional pol protein (pol) gene, partial sequence,79.310,145,29,1,167,310,10056,9912,3.00e-17,100
NODE_27552_length_310_cov_3.793249_g26070_i0,Human papillomavirus type 16 isolate A836-1 proviral integration site genomic sequence,80.412,97,17,1,161,257,295,201,6.54e-09,73.1
NODE_27608_length_310_cov_3.215190_g26126_i0,uncultured phage genome assembly, chromosome: 1,80.769,312,49,9,1,310,43356,43658,7.83e-63,252
NODE_27608_length_310_cov_3.215190_g26126_i0,uncultured phage genome assembly, chromosome: 1,76.923,312,61,8,1,310,202418,202720,8.06e-43,185
NODE_27999_length_309_cov_1.110169_g26517_i0,Stealth virus 1 clone 3B43, genomic sequence,84.516,310,42,3,1,309,101,405,7.64e-78,302
NODE_27999_length_309_cov_1.110169_g26517_i0,Stealth virus 1 clone 3B43 T7,84.194,310,43,3,1,309,101,405,9.88e-77,298
NODE_27999_length_309_cov_1.110169_g26517_i0,Uncultured human fecal virus clone R.bromii_S11.J19_2_c1 sequence,80.528,303,39,9,1,303,2603,2321,1.02e-51,215
NODE_27999_length_309_cov_1.110169_g26517_i0,MAG TPA_asm: Caudoviricetes sp. isolate ctLIy4, partial genome,80.528,303,39,9,1,303,32216,32498,1.02e-51,215
NODE_27999_length_309_cov_1.110169_g26517_i0,MAG: Ripaflaq virus isolate KCAP2_k141_123511 genomic sequence,89.167,120,9,3,191,308,2327,2210,3.79e-31,147
NODE_28274_length_307_cov_3.320513_g26792_i0,MAG: Chronamorb virus isolate CN1B_k141_76724 genomic sequence,81.818,264,34,10,19,276,361,106,4.73e-50,209
NODE_28274_length_307_cov_3.320513_g26792_i0,MAG: Ripashof virus isolate MP1_k141_46323 genomic sequence,75.517,290,54,12,1,289,287,14,4.90e-25,126
NODE_28274_length_307_cov_3.320513_g26792_i0,MAG: Ripagliz virus isolate KCAP2_k141_339122 genomic sequence,81.452,124,21,2,19,141,687,809,2.97e-17,100
NODE_28274_length_307_cov_3.320513_g26792_i0,Stealth virus 1 clone 3B43, genomic sequence,74.007,277,55,12,1,276,1470,1730,3.84e-16,97.1
NODE_28274_length_307_cov_3.320513_g26792_i0,MAG: Sopazov virus isolate SP1B_k141_222276 genomic sequence,94.828,58,3,0,1,58,4210,4267,1.79e-14,91.6
NODE_28464_length_306_cov_2.618026_g26982_i0,Stenotrophomonas phage vB_SmaS_BCU1, complete genome,86.486,259,30,4,1,256,56470,56214,3.54e-71,279
NODE_28464_length_306_cov_2.618026_g26982_i0,MAG: Ripador virus isolate KCAP1_k141_667895 genomic sequence,85.441,261,33,4,1,259,1235,978,2.76e-67,267
NODE_28464_length_306_cov_2.618026_g26982_i0,White spot syndrome virus isolate WSSV_CIBA_002,83.105,219,31,4,1,213,188641,188423,1.32e-45,195
NODE_28464_length_306_cov_2.618026_g26982_i0,High Island virus S1 gene, partial cds,86.395,147,20,0,55,201,359,213,1.34e-35,161
NODE_28464_length_306_cov_2.618026_g26982_i0,Orthonairovirus haemorrhagiae isolate 813040 UAE segment L, complete sequence,97.468,79,2,0,21,99,12229,12151,8.11e-28,135
NODE_29276_length_301_cov_2.469298_g27794_i0,Hepatitis E virus clone DE_p3_S17 polyprotein gene, partial cds,87.931,174,21,0,80,253,455,282,5.98e-49,206
NODE_29276_length_301_cov_2.469298_g27794_i0,Hepatitis E virus clone DE_p.2_S17 polyprotein gene, partial cds,87.931,174,21,0,80,253,455,282,5.98e-49,206
NODE_29276_length_301_cov_2.469298_g27794_i0,Hepatitis E virus clone DE_p1_S17 polyprotein gene, partial cds,87.931,174,21,0,80,253,455,282,5.98e-49,206
NODE_29276_length_301_cov_2.469298_g27794_i0,Hepatitis E virus clone p6, complete genome,87.931,174,21,0,80,253,2440,2267,5.98e-49,206
NODE_29276_length_301_cov_2.469298_g27794_i0,Hepatitis E virus strain Kernow-C1, complete genome,87.931,174,21,0,80,253,2440,2267,5.98e-49,206
NODE_29399_length_300_cov_2.709251_g27917_i0,Rose partitivirus isolate PB segment dsRNA1, complete sequence,100.000,300,0,0,1,300,54,353,5.14e-154,555
NODE_29399_length_300_cov_2.709251_g27917_i0,Rose partitivirus segment RNA1, complete sequence,100.000,300,0,0,1,300,54,353,5.14e-154,555
NODE_29399_length_300_cov_2.709251_g27917_i0,Rose partitivirus isolate Gyeongju RNA-dependent RNA polymerase gene, partial cds,98.270,289,1,4,12,300,143,427,1.89e-138,503
NODE_29503_length_299_cov_5.646018_g28021_i0,Banana bract mosaic virus isolate 3-42, complete genome,81.013,158,24,6,82,235,9655,9500,2.21e-23,121
NODE_30111_length_296_cov_1.367713_g28629_i0,Orthonairovirus haemorrhagiae strain BA68045 segment L, complete sequence,100.000,140,0,0,123,262,1,140,4.44e-65,259
NODE_30111_length_296_cov_1.367713_g28629_i0,Matariya virus isolate 09027EGY, complete genome,100.000,37,0,0,152,188,10868,10904,8.04e-08,69.4
NODE_30232_length_295_cov_2.400901_g28750_i0,MAG: Qianjiang picobirna-like virus 2 isolate QJ3MS693 genomic sequence,87.458,295,37,0,1,295,4418,4712,1.54e-89,340
NODE_30232_length_295_cov_2.400901_g28750_i0,Moraxella phage Mcat16, complete genome,79.125,297,57,5,1,293,4301,4006,2.72e-47,200
NODE_30232_length_295_cov_2.400901_g28750_i0,Stealth virus 1 clone 3B43 T3,80.591,237,42,3,1,235,235,1,3.54e-41,180
NODE_30232_length_295_cov_2.400901_g28750_i0,Stealth virus 1 clone 3B43, genomic sequence,80.591,237,42,3,1,235,3386,3620,3.54e-41,180
NODE_30251_length_295_cov_1.986486_g28769_i0,MAG: Chrocahess virus isolate CC1B_k141_93065 genomic sequence,79.602,201,33,6,1,195,17,215,2.16e-28,137
NODE_30551_length_293_cov_3.631818_g29069_i0,Escherichia phage P1 isolate transconjugant 2(L-II), complete genome,100.000,293,0,0,1,293,89533,89241,3.89e-150,542
NODE_30551_length_293_cov_3.631818_g29069_i0,MAG: Bacteriophage sp. isolate 0847_7085, partial genome,100.000,293,0,0,1,293,78606,78898,3.89e-150,542
NODE_30749_length_292_cov_2.794521_g29267_i0,HIV-1 isolate 121Pt1-2010-P5H6 from USA defective genome,91.589,107,7,1,56,160,1594,1488,1.64e-34,158
NODE_30749_length_292_cov_2.794521_g29267_i0,HIV-1 isolate 254Pt1-2015-P10E8 from USA defective genome,96.739,92,1,1,78,167,1587,1496,7.64e-33,152
NODE_30749_length_292_cov_2.794521_g29267_i0,HIV-1 isolate 127Pt1-2010-P6A12 from USA defective genome,97.727,44,0,1,135,177,5313,5270,1.70e-09,75.0
NODE_30786_length_292_cov_2.109589_g29304_i0,Sclerotinia sclerotiorum mitovirus 12-U isolate GB375-6 RNA-dependent RNA polymerase gene, complete cds,81.890,127,21,2,167,292,962,1087,6.03e-19,106
NODE_30786_length_292_cov_2.109589_g29304_i0,Saccharomyces cerevisiae virus L-A strain ScV-LAlus1, complete genome,92.958,71,5,0,222,292,5034,4964,2.17e-18,104
NODE_30786_length_292_cov_2.109589_g29304_i0,Chinese soft-shelled turtle flavivirus isolate HZ-2017 polyprotein gene, complete cds,91.549,71,6,0,222,292,11079,11009,1.01e-16,99.0
NODE_30786_length_292_cov_2.109589_g29304_i0,Orthobunyavirus sp. strain IQE3155 segment S nucleocapsid protein and nonstructural protein genes, complete cds,88.889,63,7,0,230,292,1078,1016,1.31e-10,78.7
NODE_30786_length_292_cov_2.109589_g29304_i0,MAG: Mitovirus sp. isolate H2_Rhizo_Litter_49_scaffold_4174 RNA-dependent RNA polymerase (H2RhizoLitter494174_000001) gene, complete cds; and hypothetical protein (H2RhizoLitter494174_000002) gene, partial cds,84.722,72,9,2,222,292,2729,2799,2.20e-08,71.3
NODE_30806_length_292_cov_1.826484_g29324_i0,Enterobacteria phage VT1-Sakai genomic DNA, prophage inserted region in Escherichia coli O157:H7,91.857,307,10,2,1,292,638,332,8.82e-112,414
NODE_31326_length_289_cov_5.342593_g29844_i0,Human endogenous retrovirus HERV-K(II) DNA, complete sequence and flanking region,93.056,72,5,0,218,289,1325,1254,5.96e-19,106
NODE_31326_length_289_cov_5.342593_g29844_i0,HIV-1 isolate GB1WS100083 from USA, partial genome,92.157,51,4,0,1,51,10043,10093,6.05e-09,73.1
NODE_31326_length_289_cov_5.342593_g29844_i0,HIV-1 isolate BC003_proviral_139_LargeDeletion from Canada defective provirus genomic sequence,97.561,41,1,0,2,42,3117,3157,2.17e-08,71.3
NODE_31326_length_289_cov_5.342593_g29844_i0,Stealth virus 1 clone C16121 T7,86.154,65,9,0,1,65,426,490,2.17e-08,71.3
NODE_31326_length_289_cov_5.342593_g29844_i0,HIV-1 isolate 074-C-310-1-2_w65_401 from Botswana defective genome,88.679,53,5,1,1,53,1021,970,3.64e-06,63.9
NODE_31538_length_289_cov_1.319444_g30056_i0,Stx2a-converting phage Stx2a_JNE130578 DNA, complete genome,97.578,289,7,0,1,289,50350,50638,3.03e-136,496
NODE_31538_length_289_cov_1.319444_g30056_i0,Stx2a-converting phage Stx2a_PV06-136 DNA, complete genome,97.578,289,7,0,1,289,50351,50639,3.03e-136,496
NODE_31538_length_289_cov_1.319444_g30056_i0,Stx2a-converting phage Stx2a_154 DNA, complete genome,97.578,289,7,0,1,289,50348,50636,3.03e-136,496
NODE_31538_length_289_cov_1.319444_g30056_i0,Stx2a-converting phage Stx2a_JNE090996 DNA, complete genome,97.578,289,7,0,1,289,50357,50645,3.03e-136,496
NODE_31538_length_289_cov_1.319444_g30056_i0,Stx2a-converting phage Stx2a_PV06-98 DNA, complete genome,97.578,289,7,0,1,289,50356,50644,3.03e-136,496
NODE_31540_length_289_cov_1.310185_g30058_i0,MAG: Bacteriophage sp. isolate 0539_55928, partial genome,98.582,141,2,0,1,141,141,1,2.60e-62,250
NODE_31761_length_288_cov_1.437209_g30279_i0,MAG: Severe acute respiratory syndrome-related coronavirus isolate CQ/L80.18/2021, complete genome,99.611,257,1,0,1,257,257,1,1.83e-128,470
NODE_31761_length_288_cov_1.437209_g30279_i0,Human respirovirus 1 strain t146a290_HPIV1, complete genome,100.000,76,0,0,167,242,15600,15675,1.63e-29,141
NODE_31761_length_288_cov_1.437209_g30279_i0,MAG: Human respirovirus 1 isolate HPIV1/USA/8L9/2011, partial genome,100.000,76,0,0,167,242,15597,15672,1.63e-29,141
NODE_31761_length_288_cov_1.437209_g30279_i0,MAG: Human respirovirus 1 isolate HPIV1/USA/11D4/2013, complete genome,98.276,58,1,0,167,224,15560,15617,2.14e-18,104
NODE_31761_length_288_cov_1.437209_g30279_i0,MAG: Human respirovirus 1 isolate HPIV1/USA/12N5/2015, complete genome,95.349,43,1,1,187,229,15567,15608,7.79e-08,69.4
NODE_31832_length_288_cov_1.000000_g30350_i0,MAG TPA_asm: Caudoviricetes sp. isolate ct2WA11, partial genome,96.875,288,9,0,1,288,10354,10067,2.35e-132,483
NODE_31832_length_288_cov_1.000000_g30350_i0,MAG TPA_asm: Bacteriophage sp. isolate ctiLN64, partial genome,96.181,288,11,0,1,288,5569,5282,5.08e-129,472
NODE_31832_length_288_cov_1.000000_g30350_i0,MAG TPA_asm: Caudoviricetes sp. isolate ctBnv10, partial genome,94.792,288,15,0,1,288,73,360,2.38e-122,449
NODE_31855_length_287_cov_6.518692_g30373_i0,MAG: Chrocacirn virus isolate CC1A_k141_29616 genomic sequence,76.871,294,60,4,1,287,90,382,4.48e-35,159
NODE_32347_length_286_cov_1.446009_g30865_i0,MAG TPA_asm: Caudoviricetes sp. isolate ct8mj23, partial genome,78.102,137,30,0,21,157,74962,74826,2.13e-13,87.9
NODE_32347_length_286_cov_1.446009_g30865_i0,MAG TPA_asm: Caudoviricetes sp. isolate ctrFh11, partial genome,78.102,137,30,0,21,157,55016,54880,2.13e-13,87.9
NODE_32664_length_285_cov_1.443396_g31182_i0,Moraxella phage Mcat16, complete genome,79.412,272,32,14,3,272,3752,4001,2.05e-38,171
NODE_32664_length_285_cov_1.443396_g31182_i0,Dickeya phage phiDP23.1 clone pD23.contig.14_1 genomic sequence,80.357,224,37,4,3,220,226,4,3.43e-36,163
NODE_32664_length_285_cov_1.443396_g31182_i0,Dickeya phage phiDP10.3 clone pD10.contig.26_1 genomic sequence,80.476,210,34,4,3,206,533,741,2.07e-33,154
NODE_32664_length_285_cov_1.443396_g31182_i0,Dickeya phage phiDP10.3 clone pD10.contig.26_1 genomic sequence,76.772,254,52,4,37,284,743,995,7.48e-28,135
NODE_32664_length_285_cov_1.443396_g31182_i0,MAG: Chrocacirn virus isolate CC1A_k141_29616 genomic sequence,78.138,247,34,4,3,249,364,590,5.79e-29,139
NODE_32664_length_285_cov_1.443396_g31182_i0,MAG: Leviviridae sp. isolate R18-k141_159536 genomic sequence,90.526,95,9,0,153,247,4501,4595,4.50e-25,126
NODE_33173_length_283_cov_2.095238_g31691_i0,Armillaria borealis mitovirus 1 isolate AbMV1/RH498, complete genome,79.371,286,53,6,1,283,148,430,3.36e-46,196
NODE_33173_length_283_cov_2.095238_g31691_i0,Baku virus strain LEIV-46Azn VP5 protein gene, partial cds,95.000,40,2,0,3,42,1,40,3.55e-06,63.9
NODE_33417_length_282_cov_2.363636_g31935_i0,Dickeya phage phiDP23.1 clone pD23.contig.3_1 genomic sequence,85.348,273,32,8,1,269,342,610,4.18e-70,276
NODE_33417_length_282_cov_2.363636_g31935_i0,Dickeya phage phiDP10.3 clone pD10.contig.26_1 genomic sequence,85.348,273,32,8,1,269,4225,4493,4.18e-70,276
NODE_33417_length_282_cov_2.363636_g31935_i0,MAG: Qianjiang picobirna-like virus 2 isolate QJ3MS693 genomic sequence,81.181,271,47,4,1,269,965,697,9.23e-52,215
NODE_33417_length_282_cov_2.363636_g31935_i0,MAG: Ripaglys virus isolate KCAP2_k141_358354 genomic sequence,79.433,282,49,9,1,277,399,122,1.56e-44,191
NODE_33417_length_282_cov_2.363636_g31935_i0,MAG: Chrocabarb virus isolate CC1A_k141_102991 genomic sequence,84.783,138,21,0,1,138,153,290,5.72e-29,139
NODE_33587_length_282_cov_1.057416_g32105_i0,Stealth virus 1 clone 3B43, genomic sequence,83.333,276,34,8,1,272,876,609,1.18e-60,244
NODE_33587_length_282_cov_1.057416_g32105_i0,MAG: Qianjiang picobirna-like virus 2 isolate QJ3MS693 genomic sequence,79.151,259,43,9,1,257,1874,1625,7.29e-38,169
NODE_33587_length_282_cov_1.057416_g32105_i0,Dickeya phage phiDP23.1 clone pD23.contig.44_1 genomic sequence,77.481,262,46,10,1,258,1230,1482,1.23e-30,145
NODE_33587_length_282_cov_1.057416_g32105_i0,Dickeya phage phiDP10.3 clone pD10.contig.26_1 genomic sequence,77.481,262,46,10,1,258,3292,3544,1.23e-30,145
NODE_33587_length_282_cov_1.057416_g32105_i0,Paenibacillus phage Pd_22F, complete genome,81.633,147,19,5,1,146,84047,83908,9.63e-22,115
NODE_34266_length_279_cov_3.427184_g32784_i0,Stealth virus 1 clone 3B43, genomic sequence,85.091,275,28,10,1,268,1621,1353,6.90e-68,268
NODE_34266_length_279_cov_3.427184_g32784_i0,MAG: Chrocadirk virus isolate CC1B_k141_10698 genomic sequence,85.425,247,29,5,23,265,298,541,2.50e-62,250
NODE_34266_length_279_cov_3.427184_g32784_i0,MAG: Sopazov virus isolate SP1B_k141_222276 genomic sequence,81.557,244,37,7,1,240,4360,4121,1.19e-45,195
NODE_34266_length_279_cov_3.427184_g32784_i0,MAG: Sopatryb virus isolate SP1A_k141_15646 genomic sequence,86.538,156,18,3,27,180,453,607,7.20e-38,169
NODE_34266_length_279_cov_3.427184_g32784_i0,MAG: Ripakrev virus isolate KCAP3_k141_172486 genomic sequence,84.118,170,27,0,93,262,4267,4436,9.32e-37,165
NODE_34428_length_279_cov_1.485437_g32946_i0,HIV-1 isolate 074-AP-119-1-3_w0_110 from Botswana nonfunctional nef protein (nef) gene, complete sequence,76.720,189,28,7,15,189,18,204,1.60e-14,91.6
NODE_34815_length_277_cov_6.960784_g33333_i0,MAG: Ripaflec virus isolate KCAP2_k141_128097 genomic sequence,83.094,278,38,7,1,277,4681,4950,1.15e-60,244
NODE_34815_length_277_cov_6.960784_g33333_i0,MAG: Sopigom virus isolate SP1A_k141_44328 genomic sequence,84.800,125,15,2,75,199,7508,7388,5.64e-24,122
NODE_35229_length_276_cov_2.866995_g33747_i0,MAG TPA_asm: Inoviridae sp. isolate ctJAw6, partial genome,75.824,273,56,7,2,269,11818,12085,3.36e-26,130
NODE_35425_length_276_cov_0.788177_g33943_i0,Tete virus strain SaAn 3518 glycoprotein precursor, gene, complete cds,93.966,116,6,1,52,167,115,1,1.53e-39,174
NODE_35466_length_275_cov_4.252475_g33984_i0,MAG TPA_asm: Caudoviricetes sp. isolate ct8H24, partial genome,90.805,87,5,2,181,266,30169,30085,3.37e-21,113
NODE_35466_length_275_cov_4.252475_g33984_i0,MAG TPA_asm: Caudoviricetes sp. isolate ctSdO5, partial genome,90.805,87,5,2,181,266,41457,41373,3.37e-21,113
NODE_35466_length_275_cov_4.252475_g33984_i0,MAG TPA_asm: Caudoviricetes sp. isolate ctTv88, partial genome,90.000,90,6,2,178,266,436,523,3.37e-21,113
NODE_35466_length_275_cov_4.252475_g33984_i0,MAG TPA_asm: Caudoviricetes sp. isolate ctT7v6, partial genome,90.698,86,5,2,182,266,51983,51900,1.21e-20,111
NODE_35466_length_275_cov_4.252475_g33984_i0,MAG TPA_asm: Inoviridae sp. isolate ctp6W6, partial genome,90.698,86,5,2,182,266,14515,14598,1.21e-20,111
NODE_35730_length_275_cov_0.881188_g34248_i0,Orthonairovirus haemorrhagiae strain BA8004 segment L, complete sequence,89.726,146,14,1,30,174,2,147,7.03e-43,185
NODE_35730_length_275_cov_0.881188_g34248_i0,White spot syndrome virus isolate WSSV_CIBA_002,89.600,125,13,0,50,174,183965,183841,4.26e-35,159
NODE_35730_length_275_cov_0.881188_g34248_i0,Longquan Rhinolophus sinicus vesiculovirus 1, complete genome,88.800,125,12,2,43,166,10940,11063,7.13e-33,152
NODE_35730_length_275_cov_0.881188_g34248_i0,Orthonairovirus haemorrhagiae strain A76048 segment M, complete sequence,95.000,80,4,0,95,174,88,9,4.32e-25,126
NODE_35730_length_275_cov_0.881188_g34248_i0,Bluetongue virus isolate BTV-28/1537/14 segment 5 NS1 gene, complete cds,96.552,58,2,0,97,154,58,1,3.39e-16,97.1
NODE_35783_length_274_cov_3.825871_g34301_i0,MAG TPA_asm: Bacteriophage sp. isolate ct5iU4, partial genome,82.353,85,14,1,174,258,4052,4135,5.69e-09,73.1
NODE_35943_length_274_cov_1.532338_g34461_i0,Uncultured human fecal virus clone UBA11524.sp1_S03.L10_2_c1 sequence,85.398,226,28,4,51,274,1,223,3.19e-56,230
NODE_35943_length_274_cov_1.532338_g34461_i0,MAG: Ripashof virus isolate MP1_k141_46323 genomic sequence,80.556,288,37,6,3,272,643,357,1.93e-48,204
NODE_35943_length_274_cov_1.532338_g34461_i0,MAG: Qianjiang picobirna-like virus 2 isolate QJ3MS693 genomic sequence,78.656,253,30,12,3,232,4741,4992,3.31e-31,147
NODE_35943_length_274_cov_1.532338_g34461_i0,MAG: Sichuan mamastrovirus 12 isolate R67-15434, complete genome,87.719,57,7,0,215,271,1,57,2.65e-07,67.6
NODE_36014_length_274_cov_1.144279_g34532_i0,MAG: Picornavirales sp. isolate 107-k141_117452 hypothetical protein 1 and hypothetical protein 2 genes, complete cds,76.667,270,51,8,8,274,7920,8180,5.53e-29,139
NODE_36208_length_273_cov_2.175000_g34726_i0,Banana bract mosaic virus isolate 3-42, complete genome,89.773,88,7,2,128,214,9569,9655,1.20e-20,111
NODE_36317_length_273_cov_1.510000_g34835_i0,Tetranychus urticae-associated picorna-like virus 1 isolate PK13, complete genome,96.337,273,10,0,1,273,1792,2064,2.24e-122,449
NODE_36317_length_273_cov_1.510000_g34835_i0,Tetranychus urticae-associated picorna-like virus 1 isolate Lisbon, complete genome,95.238,273,13,0,1,273,1443,1715,2.90e-121,446
NODE_36394_length_272_cov_5.472362_g34912_i0,MAG TPA_asm: Caudoviricetes sp. isolate ct2Fx2, partial genome,100.000,136,0,0,1,136,6451,6316,6.75e-63,252
NODE_37263_length_270_cov_1.248731_g35781_i0,MAG TPA_asm: Caudoviricetes sp. isolate ctsSz2, partial genome,83.761,117,13,6,74,187,14154,14041,5.52e-19,106
NODE_37731_length_268_cov_2.292308_g36249_i0,Enterococcus phage Entfac.YE1 Entfac.YE proviral gene for hypothetical protein 25, complete cds,89.806,206,21,0,1,206,125,330,8.53e-67,265
NODE_37763_length_268_cov_1.861538_g36281_i0,Escherichia phage GER2, complete genome,100.000,268,0,0,1,268,14853,14586,2.78e-136,496
NODE_37763_length_268_cov_1.861538_g36281_i0,Escherichia phage GER2, complete genome,100.000,268,0,0,1,268,83617,83884,2.78e-136,496
NODE_37763_length_268_cov_1.861538_g36281_i0,Shigella phage SfIV, complete genome,99.627,268,1,0,1,268,35399,35666,1.29e-134,490
NODE_37763_length_268_cov_1.861538_g36281_i0,Escherichia phage P1 isolate del *res* del *mod*, complete genome,99.254,268,2,0,1,268,18619,18352,6.01e-133,484
NODE_37763_length_268_cov_1.861538_g36281_i0,MAG TPA_asm: Bacteriophage sp. isolate ctXkQ5, partial genome,99.254,268,2,0,1,268,17223,16956,6.01e-133,484
NODE_37763_length_268_cov_1.861538_g36281_i0,Escherichia phage phi456, complete genome,98.507,268,4,0,1,268,55236,55503,1.30e-129,473
NODE_37763_length_268_cov_1.861538_g36281_i0,Escherichia phage phi456, complete genome,97.388,268,7,0,1,268,54292,54025,1.31e-124,457
NODE_37763_length_268_cov_1.861538_g36281_i0,Escherichia phage phi456, complete genome,97.015,268,8,0,1,268,49328,49061,6.10e-123,451
NODE_37763_length_268_cov_1.861538_g36281_i0,Escherichia phage phi456, complete genome,94.030,268,16,0,1,268,70438,70171,1.34e-109,407
NODE_37947_length_267_cov_3.876289_g36465_i0,Rose partitivirus isolate Gyeongju RNA-dependent RNA polymerase gene, partial cds,98.127,267,5,0,1,267,1122,1388,2.17e-127,466
NODE_37947_length_267_cov_3.876289_g36465_i0,Rose partitivirus isolate PB segment dsRNA1, complete sequence,98.127,267,5,0,1,267,1048,1314,2.17e-127,466
NODE_37947_length_267_cov_3.876289_g36465_i0,Rose partitivirus segment RNA1, complete sequence,98.127,267,5,0,1,267,1048,1314,2.17e-127,466
NODE_38121_length_267_cov_1.577320_g36639_i0,Human gammaherpesvirus 4 isolate HKNPC60, partial genome,90.977,266,23,1,1,265,34334,34599,3.79e-95,359
NODE_38121_length_267_cov_1.577320_g36639_i0,Human gammaherpesvirus 4 isolate HKHD40, partial genome,88.889,225,24,1,42,265,156161,156385,1.09e-70,278
NODE_38374_length_266_cov_1.823834_g36892_i0,MAG: Wufeng shrew orthonairovirus 3 isolate WF_Cr.attenuata_nairo_3 nucleoprotein gene, complete cds,87.833,263,32,0,2,264,2819,2557,3.85e-80,309
NODE_38405_length_266_cov_1.590674_g36923_i0,Dickeya phage phiDP23.1 clone pD23.contig.44_1 genomic sequence,82.609,276,36,8,1,266,686,413,2.38e-57,233
NODE_38405_length_266_cov_1.590674_g36923_i0,Dickeya phage phiDP10.3 clone pD10.contig.26_1 genomic sequence,82.609,276,36,8,1,266,2748,2475,2.38e-57,233
NODE_38405_length_266_cov_1.590674_g36923_i0,MAG: Ripaslid virus isolate MP2_k141_68644 genomic sequence,88.112,143,16,1,124,266,5129,5270,6.82e-38,169
NODE_38405_length_266_cov_1.590674_g36923_i0,MAG: Qianjiang picobirna-like virus 2 isolate QJ3MS693 genomic sequence,89.815,108,11,0,1,108,2411,2518,5.35e-29,139
NODE_38405_length_266_cov_1.590674_g36923_i0,MAG: Ripakrev virus isolate KCAP3_k141_172486 genomic sequence,82.569,109,19,0,1,109,4375,4267,3.26e-16,97.1
NODE_38820_length_265_cov_1.046875_g37338_i0,White spot syndrome virus isolate WSSV_CIBA_002,86.782,174,23,0,83,256,183792,183965,1.12e-45,195
NODE_38820_length_265_cov_1.046875_g37338_i0,Orthonairovirus haemorrhagiae strain BA8004 segment L, complete sequence,93.182,132,9,0,132,263,147,16,1.12e-45,195
NODE_38820_length_265_cov_1.046875_g37338_i0,Longquan Rhinolophus sinicus vesiculovirus 1, complete genome,90.323,124,12,0,140,263,11063,10940,3.16e-36,163
NODE_39090_length_264_cov_1.324607_g37608_i0,Microbacterium phage Min1, complete genome,91.489,47,4,0,193,239,42507,42461,9.13e-07,65.8
NODE_39090_length_264_cov_1.324607_g37608_i0,Microbacterium phage Min1, complete genome,91.489,47,4,0,193,239,42507,42461,9.13e-07,65.8
NODE_39313_length_263_cov_1.868421_g37831_i0,Dickeya phage phiDP23.1 clone pD23.contig.3_1 genomic sequence,90.945,254,19,4,1,252,1226,975,4.85e-89,339
NODE_39313_length_263_cov_1.868421_g37831_i0,Dickeya phage phiDP10.3 clone pD10.contig.26_1 genomic sequence,90.945,254,19,4,1,252,4939,4688,4.85e-89,339
NODE_39313_length_263_cov_1.868421_g37831_i0,Pseudomonas phage ZCPA1 Seq22 genomic sequence,90.551,254,20,4,1,252,222,473,2.26e-87,333
NODE_39313_length_263_cov_1.868421_g37831_i0,Uncultured human fecal virus clone R.bromii_S11.J19_2_c1 sequence,90.400,250,24,0,1,250,3347,3098,2.92e-86,329
NODE_39313_length_263_cov_1.868421_g37831_i0,Paenibacillus phage Pd_22F, complete genome,89.313,262,28,0,1,262,82418,82679,2.92e-86,329
NODE_39389_length_263_cov_1.568421_g37907_i0,HIV-1 isolate UNC_432_PL4_N13 from USA defective genome,98.980,98,1,0,1,98,3323,3420,4.02e-40,176
NODE_39875_length_261_cov_2.457447_g38393_i0,Stx1a-converting phage Stx1a_NIID111609 DNA, complete genome,99.617,261,1,0,1,261,5008,5268,9.76e-131,477
NODE_39875_length_261_cov_2.457447_g38393_i0,Stx1a-converting phage Stx1a_EH2115 DNA, complete genome,99.617,261,1,0,1,261,30827,30567,9.76e-131,477
NODE_39875_length_261_cov_2.457447_g38393_i0,Stx2a-converting phage Stx2a_EH1535 DNA, complete genome,99.617,261,1,0,1,261,30898,30638,9.76e-131,477
NODE_39875_length_261_cov_2.457447_g38393_i0,Stx2a-converting phage Stx2a_EH1535 DNA, complete genome,99.528,212,1,0,50,261,40022,40233,1.69e-103,387
NODE_39875_length_261_cov_2.457447_g38393_i0,Stx2a-converting phage Stx2a_EH0474 DNA, complete genome,99.617,261,1,0,1,261,12148,12408,9.76e-131,477
NODE_39875_length_261_cov_2.457447_g38393_i0,Stx2a-converting phage Stx2a_EH0474 DNA, complete genome,99.528,212,1,0,50,261,40007,40218,1.69e-103,387
NODE_39875_length_261_cov_2.457447_g38393_i0,Stx2a-converting phage Stx2_EH2085 DNA, complete sequence,99.617,261,1,0,1,261,30307,30047,9.76e-131,477
NODE_40056_length_260_cov_7.909091_g38574_i0,Pseudomonas phage ZCPA1 Seq22 genomic sequence,91.120,259,23,0,1,259,266,524,6.15e-93,351
NODE_40056_length_260_cov_7.909091_g38574_i0,MAG: Qianjiang picobirna-like virus 2 isolate QJ3MS693 genomic sequence,90.385,260,25,0,1,260,295,554,3.70e-90,342
NODE_40056_length_260_cov_7.909091_g38574_i0,Dickeya phage phiDP23.1 clone pD23.contig.3_1 genomic sequence,90.347,259,23,2,1,258,1182,925,4.79e-89,339
NODE_40056_length_260_cov_7.909091_g38574_i0,Dickeya phage phiDP10.3 clone pD10.contig.26_1 genomic sequence,90.347,259,23,2,1,258,4895,4638,4.79e-89,339
NODE_40056_length_260_cov_7.909091_g38574_i0,Paenibacillus phage Pd_22F, complete genome,89.922,258,26,0,3,260,82464,82721,2.23e-87,333
NODE_40200_length_260_cov_2.117647_g38718_i0,Bradyrhizobium phage ppBjS10J-1, complete genome,93.462,260,17,0,1,260,1374,1115,1.68e-103,387
NODE_40290_length_260_cov_1.625668_g38808_i0,uncultured phage genome assembly, chromosome: 1,95.785,261,9,2,1,260,70790,70531,1.66e-113,420
NODE_40290_length_260_cov_1.625668_g38808_i0,uncultured phage genome assembly, chromosome: 1,95.385,260,12,0,1,260,196352,196093,7.73e-112,414
NODE_40441_length_259_cov_3.311828_g38959_i0,Mammarenavirus guanaritoense isolate CVH-960201 segment L, complete sequence,99.315,146,1,0,114,259,1,146,8.20e-67,265
NODE_40441_length_259_cov_3.311828_g38959_i0,MAG: Seoul orthohantavirus isolate RlL01 RNA-dependent RNA polymerase gene, complete cds,94.737,114,6,0,19,132,6539,6652,1.10e-40,178
NODE_40441_length_259_cov_3.311828_g38959_i0,Orthonairovirus haemorrhagiae strain BA68038 segment L, complete sequence,98.925,93,1,0,1,93,12269,12177,2.38e-37,167
NODE_40441_length_259_cov_3.311828_g38959_i0,Mammarenavirus wenzhouense isolate CH31 segment S, complete sequence,98.780,82,1,0,178,259,90,9,3.10e-31,147
NODE_40441_length_259_cov_3.311828_g38959_i0,Mammarenavirus wenzhouense isolate JXGAW45/2021 segment S, complete sequence,97.561,82,2,0,178,259,90,9,1.44e-29,141
NODE_40452_length_259_cov_3.247312_g38970_i0,Dickeya phage phiDP23.1 clone pD23.contig.44_1 genomic sequence,90.114,263,21,3,1,259,946,685,1.71e-88,337
NODE_40452_length_259_cov_3.247312_g38970_i0,Dickeya phage phiDP10.3 clone pD10.contig.26_1 genomic sequence,90.114,263,21,3,1,259,3008,2747,1.71e-88,337
NODE_40452_length_259_cov_3.247312_g38970_i0,MAG: Qianjiang picobirna-like virus 2 isolate QJ3MS693 genomic sequence,86.154,260,32,3,1,259,2156,2412,1.05e-70,278
NODE_40452_length_259_cov_3.247312_g38970_i0,MAG: Ripoflyv virus isolate KCAP1_k141_439794 genomic sequence,84.351,262,36,4,1,258,390,130,6.38e-63,252
NODE_40452_length_259_cov_3.247312_g38970_i0,Stealth virus 1 clone 3B43, genomic sequence,80.899,267,39,9,1,259,1159,1421,2.35e-47,200
NODE_40773_length_258_cov_3.194595_g39291_i0,MAG TPA_asm: Caudoviricetes sp. isolate ct6Mz1, partial genome,95.349,258,12,0,1,258,49965,50222,9.91e-111,411
NODE_41588_length_256_cov_1.683060_g40106_i0,Microcystis phage Mwe-Yong1112-1, complete genome,81.609,261,38,9,1,256,20907,20652,1.38e-49,207
NODE_41948_length_255_cov_1.428571_g40466_i0,Pseudomonas phage vB_PaeM_MIJ3,85.897,78,11,0,115,192,176469,176546,2.42e-12,84.2
NODE_41948_length_255_cov_1.428571_g40466_i0,Pseudomonas phage vB_PaeM_PA5oct, complete genome,85.897,78,11,0,115,192,269195,269272,2.42e-12,84.2
NODE_41948_length_255_cov_1.428571_g40466_i0,Pseudomonas phage vB_Pa-PAC2, complete genome,85.897,78,11,0,115,192,254425,254502,2.42e-12,84.2
NODE_41948_length_255_cov_1.428571_g40466_i0,Pseudomonas phage Paride, complete genome,85.897,78,11,0,115,192,140468,140545,2.42e-12,84.2
NODE_41948_length_255_cov_1.428571_g40466_i0,Pseudomonas phage Ettore, complete genome,85.897,78,11,0,115,192,140378,140455,2.42e-12,84.2
NODE_42245_length_254_cov_1.657459_g40763_i0,Pseudomonas phage fnug, complete genome,94.872,78,4,0,96,173,270388,270311,5.11e-24,122
NODE_42245_length_254_cov_1.657459_g40763_i0,Pseudomonas phage PA02 DNA, nearly complete genome,94.872,78,4,0,96,173,232228,232305,5.11e-24,122
NODE_42245_length_254_cov_1.657459_g40763_i0,Pseudomonas phage PA02 DNA, nearly complete genome,91.026,78,7,0,96,173,234353,234430,5.14e-19,106
NODE_42245_length_254_cov_1.657459_g40763_i0,Pseudomonas phage vB_PaeM_FBPa36, complete genome,94.872,78,4,0,96,173,104446,104523,5.11e-24,122
NODE_42245_length_254_cov_1.657459_g40763_i0,Pseudomonas phage vB_PaM_W10-2, complete genome,94.872,78,4,0,96,173,186027,186104,5.11e-24,122
NODE_42245_length_254_cov_1.657459_g40763_i0,Pseudomonas phage vB_PaM_W10-2, complete genome,90.909,77,7,0,97,173,188154,188230,1.85e-18,104
NODE_42245_length_254_cov_1.657459_g40763_i0,Pseudomonas phage vB_Pae10145-KEN51, complete genome,94.872,78,4,0,96,173,29982,30059,5.11e-24,122
NODE_42245_length_254_cov_1.657459_g40763_i0,Pseudomonas phage vB_Pae10145-KEN51, complete genome,90.909,77,7,0,97,173,32109,32185,1.85e-18,104
NODE_42645_length_252_cov_4.301676_g41163_i0,MAG TPA_asm: Caudoviricetes sp. isolate ctC5318, partial genome,97.436,39,1,0,1,39,37065,37103,2.40e-07,67.6
NODE_42686_length_252_cov_3.418994_g41204_i0,Medicago sativa alphapartitivirus 2 isolate H28 segment RNA2, complete sequence,85.393,89,13,0,113,201,1800,1712,3.97e-15,93.5
NODE_42686_length_252_cov_3.418994_g41204_i0,Cucumber mosaic virus isolate PM30 movement protein and coat protein genes, complete cds,96.429,56,2,0,1,56,2113,2058,3.97e-15,93.5
NODE_42686_length_252_cov_3.418994_g41204_i0,Cucumber mosaic virus isolate YM movement protein and coat protein genes, complete cds,96.429,56,2,0,1,56,2126,2071,3.97e-15,93.5
NODE_43129_length_251_cov_2.191011_g41647_i0,MAG: Qianjiang picobirna-like virus 2 isolate QJ3MS693 genomic sequence,90.566,159,15,0,93,251,1497,1655,1.05e-50,211
NODE_43129_length_251_cov_2.191011_g41647_i0,Stealth virus 1 clone 3B43, genomic sequence,86.076,158,22,0,94,251,497,654,1.77e-38,171
NODE_43330_length_251_cov_0.865169_g41848_i0,Stenotrophomonas phage vB_SmaS_BCU1, complete genome,89.256,121,13,0,124,244,56573,56453,6.42e-33,152
NODE_43330_length_251_cov_0.865169_g41848_i0,MAG: Ripador virus isolate KCAP1_k141_667895 genomic sequence,80.347,173,28,5,74,243,1388,1219,3.89e-25,126
NODE_43348_length_251_cov_0.865169_g41866_i0,Tetranychus urticae-associated picorna-like virus 1 isolate Lisbon, complete genome,98.805,251,3,0,1,251,70,320,5.66e-123,451
NODE_43348_length_251_cov_0.865169_g41866_i0,Tetranychus urticae-associated picorna-like virus 1 isolate PK13, complete genome,93.625,251,16,0,1,251,419,669,3.50e-100,375
NODE_43552_length_250_cov_2.169492_g42070_i0,Shamonda virus N and NSs genes, segment S, genomic RNA, isolate Ib An 5550,92.308,91,3,4,118,204,927,837,3.88e-25,126
NODE_43552_length_250_cov_2.169492_g42070_i0,Severe acute respiratory syndrome coronavirus 2 genome assembly, chromosome: 1,89.796,98,7,3,3,98,29979,30075,5.01e-24,122
NODE_43552_length_250_cov_2.169492_g42070_i0,Stenotrophomonas phage vB_SmaS_BCU1, complete genome,89.873,79,8,0,172,250,56271,56349,6.53e-18,102
NODE_43693_length_250_cov_1.186441_g42211_i0,Papaya mosaic virus isolate PaMVs1, partial genome,94.048,84,4,1,110,192,222,139,3.88e-25,126
NODE_43693_length_250_cov_1.186441_g42211_i0,Garlic virus A isolate WA7, complete genome,94.595,74,4,0,113,186,78,5,8.39e-22,115
NODE_43881_length_249_cov_3.460227_g42399_i0,Human endogenous retrovirus HERV-K(II) DNA, complete sequence and flanking region,89.610,77,8,0,168,244,10460,10536,8.41e-17,99.0
NODE_43881_length_249_cov_3.460227_g42399_i0,Human papillomavirus type 16 isolate A49-1 proviral integration site genomic sequence,88.608,79,9,0,168,246,180,258,3.02e-16,97.1
NODE_43881_length_249_cov_3.460227_g42399_i0,HIV-1 isolate 074-AP-119-1-3_w0_110 from Botswana nonfunctional nef protein (nef) gene, complete sequence,92.537,67,5,0,178,244,5726,5660,3.02e-16,97.1
NODE_44012_length_249_cov_1.750000_g42530_i0,Rose partitivirus isolate PB segment dsRNA1, complete sequence,99.197,249,2,0,1,249,1923,1675,2.02e-122,449
NODE_44012_length_249_cov_1.750000_g42530_i0,Rose partitivirus segment RNA1, complete sequence,99.197,249,2,0,1,249,1923,1675,2.02e-122,449
NODE_44012_length_249_cov_1.750000_g42530_i0,Rose partitivirus isolate Gyeongju RNA-dependent RNA polymerase gene, partial cds,98.844,173,2,0,77,249,1921,1749,3.57e-80,309
NODE_44012_length_249_cov_1.750000_g42530_i0,Medicago sativa alphapartitivirus 2 isolate Manfredi RNA-dependent RNA polymerase gene, complete cds,82.051,234,34,8,20,249,1899,1670,3.75e-45,193
NODE_44012_length_249_cov_1.750000_g42530_i0,Medicago sativa alphapartitivirus 2 isolate SIN18 segment RNA1, complete sequence,82.051,234,34,8,20,249,1890,1661,3.75e-45,193
NODE_44077_length_249_cov_1.647727_g42595_i0,Human Herpesvirus 5 Towne-BAC isolate, complete sequence,100.000,249,0,0,1,249,72734,72486,9.31e-126,460
NODE_44077_length_249_cov_1.647727_g42595_i0,Human Herpesvirus 5 Towne-BAC isolate, complete sequence,100.000,249,0,0,1,249,126600,126848,9.31e-126,460
NODE_44104_length_249_cov_1.363636_g42622_i0,Tomato brown rugose fruit virus isolate 39986372, complete genome,98.936,94,1,0,1,94,94,1,6.32e-38,169
NODE_44214_length_249_cov_0.869318_g42732_i0,Human gammaherpesvirus 4 isolate HKNPC60, partial genome,92.742,248,15,2,1,248,34068,34312,3.49e-95,359
NODE_44214_length_249_cov_0.869318_g42732_i0,Chikungunya virus isolate Amapa_139_Brazil_2014 nonstructural polyprotein and structural polyprotein genes, complete cds,91.954,87,7,0,79,165,1,87,4.99e-24,122
NODE_44214_length_249_cov_0.869318_g42732_i0,HIV-1 isolate MRC004_Cluster213_size-7_count-2 from Belgium defective genome,93.151,73,5,0,14,86,664,736,1.40e-19,108
NODE_45130_length_247_cov_0.885057_g43648_i0,Mutant Human respirovirus 3 strain GE-GS/pHLC-HPIV3, complete genome,100.000,111,0,0,137,247,17091,17201,4.77e-49,206
NODE_45130_length_247_cov_0.885057_g43648_i0,Semliki forest virus genomic RNA for non-structural polyprotein and structural polyprotein, strain A7,100.000,111,0,0,137,247,13711,13601,4.77e-49,206
NODE_45130_length_247_cov_0.885057_g43648_i0,Bacteriophage phi-X174 genes for lysis protein and beta-lactamase,100.000,111,0,0,137,247,110,220,4.77e-49,206
NODE_45130_length_247_cov_0.885057_g43648_i0,Bacteriophage f1-R208 ampicillinase gene mutation,100.000,111,0,0,137,247,767,657,4.77e-49,206
NODE_45130_length_247_cov_0.885057_g43648_i0,Escherichia phage P1 isolate transconjugant 2(L-II), complete genome,98.198,111,2,0,137,247,74106,73996,1.03e-45,195
NODE_45180_length_247_cov_0.879310_g43698_i0,Corynebacterium phage Kimchi1738, complete genome,96.552,58,2,0,23,80,41289,41346,3.00e-16,97.1
NODE_45180_length_247_cov_0.879310_g43698_i0,MAG TPA_asm: Siphoviridae sp. ctINK4, partial genome,94.915,59,3,0,30,88,291,233,3.88e-15,93.5
NODE_45180_length_247_cov_0.879310_g43698_i0,Mycobacterium phage PhelpsODU, complete genome,90.909,66,4,2,19,84,31470,31533,1.80e-13,87.9
NODE_45180_length_247_cov_0.879310_g43698_i0,Mycobacterium phage Unicorn, complete genome,90.909,66,4,2,19,84,31470,31533,1.80e-13,87.9
NODE_45180_length_247_cov_0.879310_g43698_i0,Mycobacterium phage OhShagHennessy, complete genome,93.103,58,4,0,26,83,62254,62311,6.49e-13,86.1
NODE_45272_length_246_cov_3.780347_g43790_i0,White spot syndrome virus isolate WSSV_CIBA_002,90.741,54,5,0,16,69,188126,188179,5.03e-09,73.1
NODE_45291_length_246_cov_3.439306_g43809_i0,White spot syndrome virus isolate WSSV_CIBA_002,88.430,121,12,2,1,120,183911,183792,1.05e-30,145
NODE_45291_length_246_cov_3.439306_g43809_i0,Orthonairovirus haemorrhagiae strain BA8004 segment L, complete sequence,97.183,71,2,0,1,71,77,147,1.77e-23,121
NODE_45291_length_246_cov_3.439306_g43809_i0,Orthonairovirus haemorrhagiae strain A76048 segment M, complete sequence,97.183,71,2,0,1,71,79,9,1.77e-23,121
NODE_45291_length_246_cov_3.439306_g43809_i0,Longquan Rhinolophus sinicus vesiculovirus 1, complete genome,96.825,63,2,0,1,63,11001,11063,4.96e-19,106
NODE_45291_length_246_cov_3.439306_g43809_i0,Bluetongue virus isolate BTV-28/1537/14 segment 5 NS1 gene, complete cds,100.000,51,0,0,1,51,51,1,1.07e-15,95.3
NODE_45433_length_246_cov_1.768786_g43951_i0,MAG TPA_asm: Caudoviricetes sp. isolate ctCAe1, partial genome,97.967,246,5,0,1,246,47257,47012,9.31e-116,427
NODE_45433_length_246_cov_1.768786_g43951_i0,MAG TPA_asm: Caudoviricetes sp. isolate ctIaM1, partial genome,97.967,246,5,0,1,246,3459,3214,9.31e-116,427
NODE_45433_length_246_cov_1.768786_g43951_i0,MAG TPA_asm: Caudoviricetes sp. isolate cttRq1, partial genome,88.618,246,28,0,1,246,19208,18963,2.12e-77,300
NODE_45433_length_246_cov_1.768786_g43951_i0,MAG TPA_asm: Caudoviricetes sp. isolate ctcbI1, partial genome,85.950,242,34,0,5,246,43690,43449,3.59e-65,259
NODE_45980_length_245_cov_0.895349_g44498_i0,Hubei picorna-like virus 78 strain WHSF6879 hypothetical protein 1 and hypothetical protein 2 genes, complete cds,89.256,242,26,0,3,244,3122,2881,1.63e-78,303
NODE_45980_length_245_cov_0.895349_g44498_i0,Hubei picorna-like virus 78 strain WHSF6879 hypothetical protein 1 and hypothetical protein 2 genes, complete cds,89.256,242,26,0,3,244,3122,2881,1.63e-78,303
NODE_45988_length_245_cov_0.895349_g44506_i0,Escherichia phage Lambda isolate P6/2022/SA, complete genome,99.592,245,1,0,1,245,20974,20730,7.11e-122,448
NODE_45988_length_245_cov_0.895349_g44506_i0,Escherichia phage Lambda imm434, complete genome,99.592,245,1,0,1,245,20974,20730,7.11e-122,448
NODE_45988_length_245_cov_0.895349_g44506_i0,Escherichia phage E26-Berryhill, partial genome,99.592,245,1,0,1,245,21127,20883,7.11e-122,448
NODE_45988_length_245_cov_0.895349_g44506_i0,Escherichia phage 4W, partial genome,99.592,245,1,0,1,245,21042,20798,7.11e-122,448
NODE_45988_length_245_cov_0.895349_g44506_i0,Campylobacter phage CJLB-4, partial genome,99.592,245,1,0,1,245,20894,20650,7.11e-122,448
NODE_46143_length_244_cov_3.578947_g44661_i0,Rotavirus A strain RM251122016 segment 10, complete sequence,97.368,38,1,0,207,244,851,888,8.33e-07,65.8
NODE_46321_length_244_cov_1.766082_g44839_i0,Escherichia phage 500465-1, complete genome,100.000,244,0,0,1,244,37857,37614,5.47e-123,451
NODE_46321_length_244_cov_1.766082_g44839_i0,Escherichia phage vB_EcoM-613R3, partial genome,99.180,244,2,0,1,244,7432,7189,1.18e-119,440
NODE_46324_length_244_cov_1.748538_g44842_i0,White spot syndrome virus isolate WSSV_CIBA_002,84.762,105,12,3,138,240,188748,188850,6.35e-18,102
NODE_46324_length_244_cov_1.748538_g44842_i0,Iguape virus strain SPAR158495/03 polyprotein gene, partial cds,90.278,72,7,0,16,87,10336,10407,1.06e-15,95.3
NODE_46324_length_244_cov_1.748538_g44842_i0,MAG: Beetle peribunya-like virus isolate COLE genomic sequence,96.429,56,2,0,138,193,8673,8618,3.82e-15,93.5
NODE_46324_length_244_cov_1.748538_g44842_i0,Orthonairovirus haemorrhagiae isolate 813040 UAE segment L, complete sequence,97.436,39,1,0,16,54,12265,12303,2.32e-07,67.6
NODE_46324_length_244_cov_1.748538_g44842_i0,MAG: Ripador virus isolate KCAP1_k141_667895 genomic sequence,86.154,65,5,4,135,195,1337,1401,2.32e-07,67.6
NODE_46597_length_243_cov_3.600000_g45115_i0,Roseobacter phage CRP-810, complete genome,90.909,77,3,4,100,174,9328,9402,2.27e-17,100
NODE_46597_length_243_cov_3.600000_g45115_i0,Microcystis phage Mae-JY28, complete genome,100.000,49,0,0,96,144,25078,25030,1.37e-14,91.6
NODE_46597_length_243_cov_3.600000_g45115_i0,Microcystis phage Mae-JY04, complete genome,100.000,49,0,0,96,144,14736,14784,1.37e-14,91.6
NODE_46910_length_243_cov_0.905882_g45428_i0,Pseudomonas phage vB_PaeM_PS119XW, complete genome,93.103,58,2,2,160,215,288412,288469,2.29e-12,84.2
NODE_46910_length_243_cov_0.905882_g45428_i0,Bacillus phage v_B-Bak10, complete genome,91.667,60,4,1,156,215,10712,10654,8.23e-12,82.4
NODE_46910_length_243_cov_0.905882_g45428_i0,Bacillus phage v_B-Bak6, complete genome,90.000,60,5,1,156,215,9448,9390,3.83e-10,76.8
NODE_46910_length_243_cov_0.905882_g45428_i0,Bacillus phage v_B-Bak1, complete genome,90.000,60,5,1,156,215,9448,9390,3.83e-10,76.8
NODE_46910_length_243_cov_0.905882_g45428_i0,Bacillus phage Basilisk, complete genome,90.000,60,5,1,156,215,10481,10423,3.83e-10,76.8
NODE_46924_length_243_cov_0.905882_g45442_i0,HIV-1 isolate 074-AP-119-1-3_w0_110 from Botswana nonfunctional nef protein (nef) gene, complete sequence,83.111,225,34,4,21,243,5423,5645,6.06e-48,202
NODE_46924_length_243_cov_0.905882_g45442_i0,HIV-1 isolate UNC_434_PL5_J11 from USA defective genome,86.061,165,23,0,79,243,3412,3576,1.02e-40,178
NODE_46924_length_243_cov_0.905882_g45442_i0,HIV-1 isolate UNC_434_PL5_A3 from USA defective genome,86.061,165,23,0,79,243,3412,3576,1.02e-40,178
NODE_46924_length_243_cov_0.905882_g45442_i0,HIV-1 isolate UNC_434_PL4_C11 from USA defective genome,86.061,165,23,0,79,243,3425,3589,1.02e-40,178
NODE_46924_length_243_cov_0.905882_g45442_i0,HIV-1 isolate UNC_434_PL2_B6 from USA defective genome,86.061,165,23,0,79,243,3411,3575,1.02e-40,178
NODE_47015_length_243_cov_0.894118_g45533_i0,Stx1a-converting phage Stx1_JNE090861 DNA, complete genome,99.588,243,1,0,1,243,87,329,9.12e-121,444
NODE_47015_length_243_cov_0.894118_g45533_i0,Stx1a-converting phage Stx1_2499 DNA, complete genome,99.588,243,1,0,1,243,88,330,9.12e-121,444
NODE_47015_length_243_cov_0.894118_g45533_i0,Stx1a-converting phage Stx1_JNE111036 DNA, complete genome,99.588,243,1,0,1,243,89,331,9.12e-121,444
NODE_47015_length_243_cov_0.894118_g45533_i0,Stx1a-converting phage Stx1_JNE102772 DNA, complete genome,99.588,243,1,0,1,243,51,293,9.12e-121,444
NODE_47015_length_243_cov_0.894118_g45533_i0,Stx1a-converting phage Stx1_JNE112618 DNA, complete genome,99.588,243,1,0,1,243,29,271,9.12e-121,444
NODE_47960_length_241_cov_0.904762_g46478_i0,HIV-1 isolate 1Pt1-2008-P1A3 from USA defective genome,89.091,55,5,1,184,238,5211,5158,2.28e-07,67.6
NODE_48044_length_240_cov_3.742515_g46562_i0,White spot syndrome virus isolate WSSV_CIBA_002,76.793,237,46,8,1,229,188587,188822,1.33e-24,124
NODE_48044_length_240_cov_3.742515_g46562_i0,MAG: Beetle peribunya-like virus isolate COLE genomic sequence,95.833,48,2,0,161,208,8667,8620,1.05e-10,78.7
NODE_48239_length_239_cov_3.246988_g46757_i0,MAG: Ripajynb virus isolate DRCP1_k141_113836 genomic sequence,78.824,170,26,9,60,224,1547,1711,4.79e-19,106
NODE_48239_length_239_cov_3.246988_g46757_i0,MAG: Qianjiang levi-like virus 25 isolate QJ3TS1300 cRNA sequence,100.000,47,0,0,173,219,1,47,1.74e-13,87.9
NODE_48284_length_239_cov_2.728916_g46802_i0,White spot syndrome virus isolate WSSV_CIBA_002,95.775,71,3,0,1,71,184793,184863,7.96e-22,115
NODE_48284_length_239_cov_2.728916_g46802_i0,White spot syndrome virus isolate WSSV_CIBA_002,93.651,63,3,1,138,199,185077,185139,3.73e-15,93.5
NODE_48284_length_239_cov_2.728916_g46802_i0,MAG: Chronavilt virus isolate CN1A_k141_118239 genomic sequence,89.610,77,7,1,140,215,4016,3940,2.88e-16,97.1
NODE_48284_length_239_cov_2.728916_g46802_i0,Beauveria bassiana partitivirus 5 strain RCEF 6874 coat protein gene, complete cds,96.491,57,2,0,140,196,1393,1449,1.04e-15,95.3
NODE_48284_length_239_cov_2.728916_g46802_i0,Ngari virus strain Adrar segment M, complete sequence,98.113,53,1,0,1,53,4479,4427,3.73e-15,93.5
NODE_48284_length_239_cov_2.728916_g46802_i0,Mammarenavirus lunaense viral cRNA, segment L, complete sequence, strain: SLW-1,100.000,37,0,0,22,58,3,39,6.29e-08,69.4
NODE_48322_length_239_cov_2.319277_g46840_i0,Mutant Salmonella phage seszw clone seszw_210S, complete genome,100.000,239,0,0,1,239,32249,32011,3.22e-120,442
NODE_48322_length_239_cov_2.319277_g46840_i0,Mutant Human respirovirus 3 strain GE-GS/pHLC-HPIV3, complete genome,100.000,193,0,0,47,239,18988,18796,1.20e-94,357
NODE_48322_length_239_cov_2.319277_g46840_i0,Semliki forest virus genomic RNA for non-structural polyprotein and structural polyprotein, strain A7,100.000,193,0,0,47,239,11814,12006,1.20e-94,357
NODE_48322_length_239_cov_2.319277_g46840_i0,Bacteriophage phi-X174 genes for lysis protein and beta-lactamase,100.000,193,0,0,47,239,2007,1815,1.20e-94,357
NODE_48322_length_239_cov_2.319277_g46840_i0,Bacteriophage phi-X174 genes for lysis protein and beta-lactamase,100.000,51,0,0,1,51,2976,2926,1.04e-15,95.3
NODE_48322_length_239_cov_2.319277_g46840_i0,Murid betaherpesvirus 1 transgenic strain Smith clone pSM3fr-MCK-2fl, complete genome,100.000,188,0,0,1,188,225945,225758,7.21e-92,348
NODE_49095_length_234_cov_2.546584_g47613_i0,Escherichia phage Lambda_ev243 genome assembly, chromosome: 1,100.000,234,0,0,1,234,36463,36696,1.89e-117,433
NODE_49095_length_234_cov_2.546584_g47613_i0,Escherichia phage Lambda isolate P6/2022/SA, complete genome,100.000,234,0,0,1,234,38313,38546,1.89e-117,433
NODE_49095_length_234_cov_2.546584_g47613_i0,Lambdavirus lambda Lambda_AGU DNA, complete genome,100.000,234,0,0,1,234,38314,38547,1.89e-117,433
NODE_49095_length_234_cov_2.546584_g47613_i0,Escherichia phage Lambda imm434, complete genome,100.000,234,0,0,1,234,37137,37370,1.89e-117,433
NODE_49095_length_234_cov_2.546584_g47613_i0,Escherichia phage E26-Berryhill, partial genome,100.000,234,0,0,1,234,38466,38699,1.89e-117,433
NODE_49367_length_232_cov_2.842767_g47885_i0,Aphis glycines virus 1 strain ZMHU capsid protein gene, partial cds,99.138,232,2,0,1,232,739,508,5.23e-113,418
NODE_49367_length_232_cov_2.842767_g47885_i0,Aphis glycines virus 1 strain SHU capsid protein gene, partial cds,99.138,232,2,0,1,232,739,508,5.23e-113,418
NODE_49367_length_232_cov_2.842767_g47885_i0,Aphis glycines virus 1 isolate North Dakota, complete genome,99.138,232,2,0,1,232,876,645,5.23e-113,418
NODE_49367_length_232_cov_2.842767_g47885_i0,Aphis glycines virus 1 capsid polyprotein gene, partial cds; and non-structural polyprotein gene, complete cds,99.138,232,2,0,1,232,488,257,5.23e-113,418
NODE_49367_length_232_cov_2.842767_g47885_i0,Aphis glycines virus 1 isolate Lisbon, partial genome,98.707,232,3,0,1,232,1098,867,2.44e-111,412
NODE_49426_length_231_cov_5.063291_g47944_i0,MAG: Capillovirus mali isolate A2, complete genome,94.872,78,4,0,70,147,78,1,4.57e-24,122
NODE_49465_length_231_cov_2.924051_g47983_i0,HIV-1 isolate 074-AP-119-1-3_w0_110 from Botswana nonfunctional nef protein (nef) gene, complete sequence,87.435,191,22,1,41,231,5732,5544,5.67e-53,219
NODE_49465_length_231_cov_2.924051_g47983_i0,Stealth virus 1 clone C16128 T3,86.070,201,24,3,33,231,370,172,2.64e-51,213
NODE_49465_length_231_cov_2.924051_g47983_i0,HIV-1 isolate UNC_434_PL5_J11 from USA defective genome,86.458,192,26,0,40,231,3666,3475,9.49e-51,211
NODE_49465_length_231_cov_2.924051_g47983_i0,HIV-1 isolate UNC_434_PL5_A3 from USA defective genome,86.458,192,26,0,40,231,3666,3475,9.49e-51,211
NODE_49465_length_231_cov_2.924051_g47983_i0,HIV-1 isolate UNC_434_PL4_C11 from USA defective genome,86.458,192,26,0,40,231,3679,3488,9.49e-51,211
NODE_50009_length_227_cov_4.844156_g48527_i0,MAG: Reoviridae sp. isolate R66-k141_282067 segment 3 genomic sequence,86.559,186,25,0,3,188,188,3,4.35e-49,206
NODE_50009_length_227_cov_4.844156_g48527_i0,MAG: Ripogryp virus isolate KCAP3_k141_139890 genomic sequence,97.561,41,1,0,4,44,2402,2362,1.65e-08,71.3
NODE_50082_length_227_cov_2.935065_g48600_i0,HIV-1 isolate 127Pt1-2010-P6A12 from USA defective genome,89.231,65,7,0,163,227,5306,5370,7.64e-12,82.4
NODE_51195_length_200_cov_4.181102_g49713_i0,MAG: Qianjiang picobirna-like virus 2 isolate QJ3MS693 genomic sequence,85.600,125,17,1,50,174,4699,4822,2.32e-26,130
NODE_51195_length_200_cov_4.181102_g49713_i0,MAG: Ripashof virus isolate MP1_k141_46323 genomic sequence,87.273,110,14,0,89,198,647,538,3.00e-25,126
NODE_51195_length_200_cov_4.181102_g49713_i0,Uncultured human fecal virus clone UBA11524.sp1_S03.L10_2_c1 sequence,89.474,57,6,0,141,197,1,57,3.96e-09,73.1
